start_ts,end_ts,src_ip,dst_ip,src_port,dst_port,protocol,tos,tcp_flags,packet_count,bytes,router_in_port,router_out_port
1361951965.844,1361951983.860,41.43.198.191,181.94.129.0,39047,9100,17,0,16,4,336,49,29
1361951968.348,1361951983.348,216.84.74.70,181.206.160.242,60761,443,6,0,2,5,300,50,29
1361951974.072,1361951983.088,7.35.87.8,61.168.202.28,62196,443,6,0,2,3,152,50,29
1361951974.412,1361951983.424,7.35.232.31,61.168.202.28,53840,443,6,0,2,3,152,50,29
1361951974.452,1361951983.448,41.43.153.17,70.201.79.110,50287,9100,6,0,2,3,152,50,29
1361951974.672,1361951983.684,7.35.87.238,61.168.202.28,52102,443,6,0,2,3,152,49,29
1361951974.832,1361951983.852,7.35.85.48,61.168.202.28,61696,443,6,0,2,3,152,49,29
1361951974.836,1361951983.848,7.35.233.36,61.168.202.28,59766,443,6,0,2,3,152,50,29
1361951982.476,1361951983.480,41.43.212.120,180.217.230.2,41421,27031,6,0,2,2,128,49,29
1361951983.020,1361951983.020,7.35.156.249,70.201.79.105,56610,5353,17,0,16,1,99,49,29
1361951983.096,1361951983.096,7.35.157.37,70.201.27.126,237,427,17,0,16,1,72,50,29
1361951983.180,1361951983.180,7.35.217.22,181.94.129.225,17500,17500,17,0,16,1,161,50,29
1361951984.860,1361951984.860,248.207.38.29,179.180.218.243,0,0,17,0,0,1,107,50,78
1361951984.872,1361951984.872,7.35.13.19,7.35.167.139,0,0,103,0,16,1,48,50,0
1361951984.928,1361951984.928,7.35.13.24,152.128.6.5,0,148,2,192,16,1,32,50,0
1361951984.940,1361951984.940,41.43.209.230,238.137.181.64,51816,3544,17,0,16,1,89,50,78
1361951971.104,1361951984.756,185.31.59.209,152.128.6.13,0,0,103,192,16,2,128,76,0
1361951975.208,1361951984.208,7.35.249.188,70.201.27.2,60886,44818,6,0,2,3,152,50,29
1361951975.636,1361951984.656,7.35.217.131,181.92.250.129,56464,443,6,0,2,3,152,50,29
1361951975.704,1361951984.720,7.35.232.121,61.168.202.28,53007,443,6,0,2,3,152,50,29
1361951975.848,1361951984.856,72.39.49.85,181.11.166.112,53227,139,6,0,2,3,152,50,29
1361951979.120,1361951984.880,127.101.179.67,7.35.1.13,0,771,1,192,16,3,276,78,0
1361951980.832,1361951984.832,71.140.17.27,7.35.12.12,7171,6623,6,32,18,2,88,57,0
1361951963.508,1361951984.180,41.43.195.92,70.201.79.7,56150,161,17,0,16,3,318,49,29
1361951998.352,1361951998.352,72.40.30.56,7.35.13.229,80,21672,6,32,20,1,40,57,0
1361951984.052,1361951984.052,7.35.157.40,70.201.79.125,12465,161,17,0,16,1,74,49,29
1361951984.220,1361951984.220,41.43.198.88,70.201.142.10,61942,8612,17,0,16,1,44,49,29
1361951984.272,1361951984.272,185.31.58.251,152.128.6.13,0,0,103,0,16,1,58,17,0
1361951984.284,1361951984.472,248.207.38.29,220.96.0.118,0,0,17,0,0,2,208,50,78
1361951984.284,1361951984.284,185.31.58.251,145.240.239.18,0,22,2,192,16,1,28,17,0
1361951984.288,1361951984.288,7.35.12.132,152.128.6.13,0,0,103,192,16,1,50,49,0
1361951984.340,1361951984.340,7.35.156.233,70.201.79.241,23601,62815,17,0,16,1,96,49,29
1361951984.644,1361951984.644,248.207.38.29,181.126.39.79,0,0,17,0,0,1,304,50,78
1361951984.696,1361951984.696,41.43.143.184,70.201.6.25,138,138,17,0,16,1,267,49,29
1361951984.748,1361951984.748,7.35.217.135,61.167.222.225,63552,8612,17,0,16,1,44,49,29
1361951984.760,1361951984.760,7.35.122.43,70.201.79.61,56188,161,17,0,16,1,480,50,29
1361951970.180,1361951985.180,7.35.13.16,7.35.167.139,0,0,103,0,16,2,96,50,0
1361951976.276,1361951985.280,7.35.69.233,61.168.202.28,59236,443,6,0,2,3,152,50,29
1361951976.288,1361951985.284,7.35.156.227,70.201.77.121,8727,10101,6,0,2,3,152,49,29
1361951976.388,1361951985.404,7.35.88.194,61.168.202.28,61198,443,6,0,2,3,152,49,29
1361951976.972,1361951985.984,41.43.129.149,61.168.202.28,63514,443,6,0,2,3,152,50,29
1361951964.324,1361951985.328,7.35.82.95,181.42.66.137,58135,5012,6,0,2,4,208,49,29
1361951964.428,1361951985.348,41.43.217.158,181.94.129.31,60875,161,17,0,16,3,318,50,29
1361951965.744,1361951985.956,41.43.220.83,70.201.79.247,50243,161,17,0,16,3,318,50,29
1361951985.232,1361951985.232,7.35.217.176,181.94.129.225,17500,17500,17,0,16,1,194,49,29
1361951985.460,1361951985.460,7.35.217.47,61.171.28.95,17500,17500,17,0,16,1,180,50,29
1361951985.588,1361951985.588,7.35.13.24,152.128.6.3,0,148,2,192,16,1,32,50,0
1361951985.660,1361951985.660,7.35.217.14,70.201.77.193,57621,57621,17,0,16,1,72,50,29
1361951985.840,1361951985.840,41.43.194.92,70.128.146.106,54780,3544,17,0,16,1,89,50,78
1361951985.952,1361951985.952,7.35.217.15,70.201.78.65,17500,17500,17,0,16,1,140,49,29
1361951986.836,1361951986.836,185.31.58.66,152.128.6.13,0,0,103,0,16,1,58,17,0
1361951986.896,1361951986.896,7.35.156.233,70.201.79.69,23601,63205,17,0,16,1,96,49,29
1361951987.000,1361951987.000,41.43.197.90,70.201.78.188,50668,5353,17,0,16,1,99,49,29
1361951977.076,1361951986.080,7.35.249.188,70.201.27.4,60887,44818,6,0,2,3,152,49,29
1361951994.974,1361951994.974,71.136.183.190,41.43.215.7,61252,35288,6,32,0,1,46,57,50
1361951994.974,1361951994.974,248.207.48.41,160.78.61.4,36526,53,17,0,0,1,66,49,57
1361951998.108,1361951998.108,7.35.93.70,127.80.158.195,52473,53,17,0,0,1,80,50,57
1361951998.108,1361951998.108,248.207.48.41,179.175.196.167,8688,53,17,0,0,1,80,50,57
1361951998.108,1361951998.108,248.207.48.41,127.80.158.195,56261,53,17,0,0,1,80,49,57
1361951998.108,1361951998.108,24.244.207.211,41.43.196.31,80,41268,6,0,0,1,60,78,50
1361951998.108,1361951998.108,171.255.27.174,7.35.1.30,58471,51413,17,0,0,1,93,78,49
1361951998.108,1361951998.108,205.221.140.10,7.35.28.176,5222,39182,6,0,0,1,52,57,49
1361951998.108,1361951998.108,24.244.207.211,41.43.196.31,80,41270,6,0,0,1,60,78,50
1361951994.844,1361951994.844,7.35.156.244,238.135.212.159,63205,40040,17,0,0,1,60,49,78
1361951998.108,1361951998.108,90.54.233.185,248.207.38.29,45447,53,17,32,0,1,59,57,49
1361951998.108,1361951998.108,41.43.208.46,89.131.162.219,12596,58840,17,0,0,1,129,50,78
1361951998.172,1361951998.172,41.43.210.230,174.140.88.130,1536,50188,17,0,0,1,48,49,78
1361951998.171,1361951998.171,71.254.227.238,7.35.1.13,0,11,1,32,0,1,168,57,49
1361951998.107,1361951998.107,7.35.156.245,216.175.176.117,40385,80,6,0,0,1,46,49,78
1361951998.875,1361951998.875,88.208.57.99,41.43.208.46,59308,12596,17,32,0,1,375,57,50
1361951998.875,1361951998.875,70.128.127.33,7.35.156.231,443,59744,6,0,0,1,717,78,50
1361951998.107,1361951998.107,7.35.93.125,239.165.131.233,25433,53,17,0,0,1,76,49,57
1361951998.171,1361951998.171,24.244.206.30,41.43.197.38,80,44100,6,0,0,1,52,78,50
1361951998.875,1361951998.875,41.43.220.82,114.131.12.174,40084,62006,17,0,0,1,165,50,57
1361951998.107,1361951998.107,168.138.44.164,7.35.156.241,443,25418,6,32,0,1,46,57,49
1361951998.107,1361951998.107,7.35.1.30,171.255.27.174,51413,58471,17,0,0,1,75,50,78
1361951998.107,1361951998.107,248.207.38.29,90.54.233.185,53,45447,17,0,0,1,134,50,78
1361951994.843,1361951994.843,7.35.156.244,238.137.214.46,63205,40036,17,0,0,1,62,49,78
1361951998.171,1361951998.171,24.244.206.29,41.43.197.38,80,42204,6,0,0,1,52,78,50
1361951998.059,1361951998.059,7.35.156.229,104.139.115.73,55462,17788,17,0,0,1,125,50,78
1361951998.059,1361951998.059,7.35.11.122,113.78.128.28,34095,53,17,0,0,1,69,50,78
1361951998.059,1361951998.059,67.105.137.52,248.207.38.29,45437,53,17,32,0,1,82,57,50
1361951998.059,1361951998.059,50.1.171.64,41.43.218.243,45729,25198,6,32,0,1,46,57,50
1361951998.059,1361951998.059,68.235.116.48,7.35.93.70,53,2030,17,32,0,1,503,57,50
1361951998.059,1361951998.059,7.35.156.229,98.210.55.183,55462,17788,17,0,0,1,126,50,57
1361951998.059,1361951998.059,216.84.74.71,41.43.213.116,3128,65314,6,0,0,1,52,50,50
1361951994.731,1361951994.731,7.35.156.244,238.135.55.96,63205,40036,17,0,0,1,64,50,78
1361951998.059,1361951998.059,7.35.157.38,18.141.190.84,46677,80,6,0,0,1,52,50,78
1361951998.059,1361951998.059,184.156.140.183,7.35.93.70,53,53827,17,32,0,1,84,57,50
1361951998.059,1361951998.059,53.151.31.75,248.207.48.41,53,24686,17,32,0,1,105,57,50
1361951998.059,1361951998.059,24.244.207.239,7.35.157.33,80,63127,6,0,0,1,52,78,50
1361951998.059,1361951998.059,180.113.200.241,248.207.38.29,20122,53,17,32,0,1,73,57,50
1361951998.059,1361951998.059,248.207.48.41,8.0.48.46,62332,53,17,0,0,1,86,50,57
1361951998.059,1361951998.059,248.207.48.41,110.204.192.48,9866,53,17,0,0,1,82,50,57
1361951998.059,1361951998.059,190.203.201.161,7.35.156.226,36220,62976,17,32,0,1,131,57,50
1361951998.059,1361951998.059,72.51.174.69,7.35.93.70,53,58438,17,32,0,1,107,57,50
1361951998.059,1361951998.059,239.165.131.233,7.35.93.125,53,25433,17,32,0,1,127,57,50
1361951998.059,1361951998.059,7.35.157.38,18.141.190.84,23572,80,6,0,0,1,52,50,78
1361951998.059,1361951998.059,7.35.157.38,18.141.190.84,63962,80,6,0,0,1,52,50,78
1361951998.059,1361951998.059,248.207.38.29,102.92.244.44,53,28438,17,0,0,1,157,50,78
1361951998.058,1361951998.058,66.244.110.248,41.43.208.46,64726,12596,17,0,0,1,349,57,50
1361951998.058,1361951998.058,102.92.244.44,248.207.38.29,54025,53,17,0,0,1,71,78,49
1361951998.058,1361951998.058,102.92.244.44,248.207.38.29,28438,53,17,0,0,1,71,78,49
1361951998.058,1361951998.058,49.123.52.128,41.43.197.51,80,50560,6,32,0,1,64,57,50
1361951998.058,1361951998.058,173.238.205.252,41.43.208.218,4466,26658,17,32,0,1,46,57,50
1361951998.058,1361951998.058,248.207.48.41,179.175.197.130,48894,53,17,0,0,1,78,50,57
1361951998.054,1361951998.054,102.92.244.44,248.207.38.29,3867,53,17,0,0,1,71,78,49
1361951998.054,1361951998.054,248.207.38.29,102.92.244.44,53,3867,17,0,0,1,157,50,78
1361951998.054,1361951998.054,7.35.213.1,24.244.207.179,57207,80,6,0,0,1,46,50,78
1361951998.054,1361951998.054,18.141.190.74,7.35.157.38,80,32534,6,0,0,1,52,78,50
1361951998.054,1361951998.054,169.2.126.76,7.35.48.174,31764,53,17,32,0,1,87,57,50
1361951998.054,1361951998.054,7.35.48.174,169.2.126.76,53,31764,17,0,0,1,183,49,78
1361951998.054,1361951998.054,216.175.176.117,7.35.156.245,80,40385,6,0,0,1,52,78,50
1361951994.726,1361951994.726,168.239.199.138,7.35.93.113,53,41303,17,0,0,1,88,57,50
1361951998.058,1361951998.058,41.43.163.72,74.240.70.54,38003,443,6,0,0,1,52,50,57
1361951998.058,1361951998.058,124.114.23.237,41.43.196.74,51361,21761,6,32,0,1,46,57,50
1361951998.058,1361951998.058,81.32.172.190,7.35.93.70,53,47940,17,32,0,1,91,57,50
1361951998.122,1361951998.122,84.181.129.25,41.43.208.250,48401,34375,17,32,0,1,258,57,50
1361951998.122,1361951998.122,59.52.158.153,41.43.200.81,443,54139,6,0,0,1,89,78,50
1361951998.058,1361951998.058,179.175.196.167,248.207.48.41,53,8688,17,32,0,1,400,57,50
1361951998.058,1361951998.058,7.35.93.70,66.239.112.169,15924,53,17,0,0,1,108,50,78
1361951998.058,1361951998.058,24.244.206.186,248.207.48.41,53,14687,17,0,0,1,115,78,50
1361951998.058,1361951998.058,18.141.190.84,7.35.157.38,80,13919,6,0,0,1,52,78,49
1361951998.058,1361951998.058,18.141.190.84,7.35.157.38,80,46677,6,0,0,1,52,78,49
1361951998.058,1361951998.058,248.207.38.29,67.105.137.45,53,52029,17,0,0,1,134,49,57
1361951998.058,1361951998.058,166.199.191.216,41.43.208.46,38201,12596,17,0,0,1,349,78,50
1361951998.057,1361951998.057,8.0.48.46,248.207.48.41,53,62332,17,32,0,1,228,57,50
1361951998.057,1361951998.057,7.35.157.44,71.156.24.116,15420,40012,17,0,0,1,65,49,78
1361951998.121,1361951998.121,214.191.43.132,41.43.208.218,2453,26594,17,32,0,1,50,57,50
1361951998.121,1361951998.121,59.52.158.153,41.43.200.81,443,54141,6,0,0,1,89,78,50
1361951998.057,1361951998.057,248.207.48.41,24.244.206.186,14687,53,17,0,0,1,75,49,78
1361951998.057,1361951998.057,216.84.74.71,41.43.213.116,3128,65317,6,0,0,1,52,50,50
1361951998.057,1361951998.057,7.35.229.4,31.68.210.133,0,8,1,0,0,1,46,49,57
1361951998.057,1361951998.057,7.35.157.44,112.49.117.229,15420,40033,17,0,0,1,61,50,78
1361951998.057,1361951998.057,98.39.111.55,41.43.208.46,19311,12596,17,32,0,1,330,57,50
1361951998.057,1361951998.057,184.156.140.183,7.35.93.113,53,27518,17,32,0,1,83,57,50
1361951998.057,1361951998.057,248.207.38.29,102.92.244.44,53,29409,17,0,0,1,157,50,78
1361951998.057,1361951998.057,248.207.38.29,181.0.94.176,53,32903,17,0,0,1,236,50,78
1361951998.057,1361951998.057,18.141.190.84,7.35.157.38,80,63962,6,0,0,1,52,78,49
1361951998.057,1361951998.057,111.105.123.3,41.43.208.46,16001,12596,17,32,0,1,140,57,50
1361951994.729,1361951994.729,41.43.202.162,205.49.96.25,44048,50829,6,0,0,1,47,49,57
1361951998.057,1361951998.057,7.35.156.251,69.160.225.71,16619,43857,6,0,0,1,52,50,57
1361951998.057,1361951998.057,71.254.225.222,7.35.1.30,0,11,1,32,0,1,168,57,50
1361951998.057,1361951998.057,102.102.18.41,7.35.150.162,13574,60368,17,0,0,1,48,78,5
1361951998.057,1361951998.057,104.158.198.93,41.43.200.243,11200,1024,17,32,0,1,46,57,50
1361951998.057,1361951998.057,173.213.199.219,7.35.156.228,10214,64710,6,32,0,1,46,57,50
1361951998.057,1361951998.057,41.43.208.46,80.21.114.235,12596,47876,17,0,0,1,129,50,78
1361951998.057,1361951998.057,248.207.38.29,160.71.58.35,53,45418,17,0,0,1,125,49,57
1361951998.057,1361951998.057,248.207.48.41,127.80.158.104,36935,53,17,0,0,1,97,50,57
1361951998.057,1361951998.057,179.175.197.130,248.207.48.41,53,48894,17,32,0,1,144,57,50
1361951998.057,1361951998.057,41.43.202.60,174.93.225.232,17676,5621,17,0,0,1,46,50,57
1361951998.057,1361951998.057,81.200.22.237,7.35.159.150,57949,15512,17,32,0,1,50,57,50
1361951998.057,1361951998.057,67.105.137.45,248.207.38.29,52029,53,17,32,0,1,82,57,49
1361951998.057,1361951998.057,7.35.157.44,70.128.227.55,15420,40020,17,0,0,1,62,49,78
1361951998.057,1361951998.057,7.35.157.44,70.128.227.36,15420,40007,17,0,0,1,63,49,78
1361951998.121,1361951998.121,216.84.74.70,41.43.219.224,3128,55246,6,0,0,1,52,50,50
1361951998.057,1361951998.057,248.207.38.29,99.149.254.159,53,26604,17,0,0,1,129,50,57
1361951998.057,1361951998.057,41.43.198.19,160.93.40.196,36192,443,6,0,0,1,46,50,78
1361951998.057,1361951998.057,88.129.242.254,41.43.208.250,19863,34428,17,36,0,1,258,57,50
1361951998.057,1361951998.057,41.43.200.243,104.158.198.93,1024,11200,17,0,0,1,46,50,57
1361951998.056,1361951998.056,77.42.238.145,41.43.205.167,56000,16001,17,32,0,1,129,57,50
1361951998.056,1361951998.056,90.27.149.220,7.35.206.241,80,27896,6,32,0,1,46,57,50
1361951998.056,1361951998.056,72.67.229.94,7.35.9.131,63520,54355,6,32,0,1,46,57,50
1361951998.120,1361951998.120,102.92.244.44,248.207.38.29,56727,53,17,0,0,1,71,78,49
1361951998.120,1361951998.120,7.35.156.229,111.175.22.253,16839,80,6,0,0,1,46,49,78
1361951998.056,1361951998.056,7.35.9.131,81.87.21.241,54355,61874,17,0,0,1,50,49,78
1361951998.056,1361951998.056,41.43.210.230,95.237.120.130,1536,39088,17,0,0,1,1211,49,78
1361951998.056,1361951998.056,41.43.195.167,74.240.9.239,50284,443,6,0,0,1,46,50,57
1361951998.056,1361951998.056,15.215.179.205,216.84.74.70,80,60917,6,32,0,1,52,57,50
1361951998.120,1361951998.120,41.43.202.60,49.182.41.82,17676,4170,17,0,0,1,46,50,57
1361951998.056,1361951998.056,7.35.48.174,188.19.128.69,53,35384,17,0,0,1,187,49,78
1361951998.056,1361951998.056,7.35.251.128,59.136.33.204,443,17387,6,0,0,1,46,50,57
1361951998.056,1361951998.056,59.123.140.24,41.43.191.21,80,15648,6,0,0,1,46,78,5
1361951998.056,1361951998.056,7.35.157.42,173.229.161.215,6707,5625,17,0,0,1,46,49,78
1361951998.056,1361951998.056,7.35.157.42,80.206.127.79,6707,4672,17,0,0,1,46,49,57
1361951998.056,1361951998.056,188.19.128.69,7.35.48.174,35384,53,17,32,0,1,90,57,50
1361951998.056,1361951998.056,7.35.157.42,171.152.181.111,6707,23265,17,0,0,1,46,50,78
1361951998.120,1361951998.120,205.221.198.104,7.35.213.1,443,36111,6,0,0,1,96,57,49
1361951998.056,1361951998.056,205.55.138.110,41.43.208.46,48333,12596,17,32,0,1,349,57,50
1361951998.056,1361951998.056,232.52.129.228,7.35.157.42,6969,34279,6,0,0,1,46,76,50
1361951998.056,1361951998.056,205.221.198.101,41.43.219.5,80,53411,6,0,0,1,52,57,50
1361951998.056,1361951998.056,41.43.194.178,206.91.4.150,55951,80,6,0,0,1,46,49,78
1361951998.056,1361951998.056,41.43.223.56,161.149.142.204,3074,3074,17,0,0,1,60,49,57
1361951998.056,1361951998.056,127.80.158.104,248.207.48.41,53,36935,17,0,0,1,118,78,49
1361951998.056,1361951998.056,41.43.197.165,70.253.14.89,3074,3074,17,0,0,1,60,49,57
1361951998.056,1361951998.056,23.218.54.243,41.43.210.199,40540,42497,17,32,0,1,51,57,50
1361951998.120,1361951998.120,41.43.194.178,206.91.40.99,55968,80,6,0,0,1,46,49,57
1361951998.056,1361951998.056,41.43.196.74,215.123.229.92,443,50587,6,0,0,1,48,49,57
1361951998.632,1361951998.632,160.85.186.194,7.35.250.150,53,45973,17,0,0,1,93,78,50
1361951998.632,1361951998.632,248.207.38.29,67.44.179.178,53,51905,17,0,0,1,231,50,57
1361951998.056,1361951998.056,7.35.48.174,208.99.221.253,53,6071,17,0,0,1,186,49,78
1361951998.056,1361951998.056,41.43.218.101,18.141.178.80,62152,443,6,0,0,1,46,49,78
1361951998.056,1361951998.056,7.35.93.113,127.71.34.128,58981,53,17,0,0,1,81,49,57
1361951998.056,1361951998.056,68.247.137.147,248.207.38.29,55894,53,17,0,0,1,72,57,49
1361951998.055,1361951998.055,248.207.38.29,68.247.137.147,53,55894,17,0,0,1,107,50,57
1361951998.055,1361951998.055,41.43.218.230,117.87.121.227,55454,56317,6,0,0,1,46,49,78
1361951998.055,1361951998.055,7.35.48.174,189.238.253.198,53,60607,17,0,0,1,181,49,57
1361951998.055,1361951998.055,241.20.1.110,7.35.1.30,80,56187,6,32,0,1,52,57,49
1361951998.055,1361951998.055,24.244.207.190,41.43.196.31,80,41284,6,0,0,1,60,78,50
1361951997.607,1361951997.607,248.207.38.29,166.79.33.193,53,52903,17,0,0,1,157,49,78
1361951998.055,1361951998.055,23.249.115.190,41.43.208.226,4756,28170,17,32,0,1,95,57,50
1361951998.119,1361951998.119,191.170.92.232,7.35.48.163,53,30937,17,0,0,1,620,78,49
1361951998.055,1361951998.055,7.35.157.40,30.100.17.249,203,123,17,0,0,1,76,50,57
1361951998.055,1361951998.055,250.11.253.28,7.35.1.30,9909,9909,17,0,0,1,46,76,49
1361951998.055,1361951998.055,160.85.186.194,248.207.48.41,53,23887,17,0,0,1,223,78,49
1361951998.119,1361951998.119,238.137.214.40,7.35.157.44,40043,15420,17,0,0,1,48,76,49
1361951998.119,1361951998.119,66.107.129.0,248.207.38.29,61913,53,17,0,0,1,70,78,50
1361951998.119,1361951998.119,160.94.137.243,7.35.93.70,53,30889,17,0,0,1,258,78,50
1361951998.119,1361951998.119,72.67.229.94,7.35.9.131,11188,54355,17,32,0,1,50,57,50
1361951998.119,1361951998.119,101.62.176.135,7.35.251.59,52860,443,6,32,0,1,52,57,50
1361951998.119,1361951998.119,24.244.207.240,41.43.196.31,80,41288,6,0,0,1,60,78,50
1361951998.119,1361951998.119,7.35.48.163,191.170.92.232,51454,53,17,0,0,1,71,50,78
1361951998.119,1361951998.119,250.11.253.28,7.35.1.13,9909,9909,17,0,0,1,46,76,50
1361951998.119,1361951998.119,7.35.93.70,160.94.137.243,30889,53,17,0,0,1,80,49,78
1361951998.119,1361951998.119,223.2.50.216,7.35.157.41,52392,30831,6,32,0,1,48,57,50
1361951998.119,1361951998.119,7.35.48.163,191.170.92.232,32408,53,17,0,0,1,71,50,78
1361951998.119,1361951998.119,7.35.48.163,180.102.143.190,55299,53,17,0,0,1,71,50,78
1361951998.119,1361951998.119,180.132.174.164,41.43.217.111,18601,23085,17,0,0,1,126,78,50
1361951998.119,1361951998.119,18.141.178.80,41.43.196.31,80,41300,6,0,0,1,60,78,50
1361951998.119,1361951998.119,7.35.1.30,84.239.174.17,51413,51413,17,0,0,1,296,49,57
1361951998.119,1361951998.119,87.254.43.255,7.35.156.228,27840,1887,17,32,0,1,145,57,50
1361951998.119,1361951998.119,77.19.144.3,7.35.48.174,50930,53,17,32,0,1,87,57,50
1361951998.119,1361951998.119,7.35.156.246,100.230.220.232,53122,7005,17,0,0,1,142,49,78
1361951998.119,1361951998.119,7.35.48.174,77.19.144.3,53,50930,17,0,0,1,183,49,78
1361951998.119,1361951998.119,248.207.142.102,59.39.231.244,80,31869,6,0,0,1,64,50,78
1361951998.119,1361951998.119,7.35.62.136,23.199.254.17,62359,40705,6,0,0,1,64,50,57
1361951998.119,1361951998.119,171.143.229.161,7.35.211.198,24782,443,6,32,0,1,73,57,50
1361951998.119,1361951998.119,7.35.211.198,171.143.229.161,443,24782,6,0,0,1,46,49,78
1361951998.119,1361951998.119,66.107.150.31,41.43.196.31,80,41256,6,0,0,1,60,78,50
1361951998.119,1361951998.119,48.49.94.104,41.43.208.46,39748,12596,17,0,0,1,349,78,50
1361951998.119,1361951998.119,249.80.108.206,7.35.38.209,62291,3283,6,0,0,1,48,76,49
1361951998.119,1361951998.119,30.100.17.249,7.35.157.40,123,203,17,32,0,1,76,57,49
1361951998.118,1361951998.118,212.107.127.16,41.43.208.2,80,49638,6,32,0,1,46,57,50
1361951998.118,1361951998.118,127.80.158.111,7.35.93.125,53,33172,17,0,0,1,99,78,50
1361951998.118,1361951998.118,66.107.150.31,41.43.196.31,80,41258,6,0,0,1,60,78,50
1361951998.118,1361951998.118,7.35.93.70,77.80.9.227,2712,53,17,0,0,1,78,50,78
1361951998.118,1361951998.118,105.156.194.38,7.35.157.40,80,40209,6,32,0,1,46,57,50
1361951998.118,1361951998.118,211.146.22.167,7.35.157.46,80,41729,6,32,0,1,46,57,50
1361951998.118,1361951998.118,66.107.153.175,7.35.157.40,80,33644,6,0,0,1,46,78,49
1361951998.118,1361951998.118,160.64.200.200,41.43.220.83,27018,64497,17,32,0,1,64,57,50
1361951998.118,1361951998.118,208.108.48.228,41.43.204.44,51585,31910,17,32,0,1,49,57,50
1361951998.118,1361951998.118,248.207.38.29,181.97.17.107,53,56647,17,0,0,1,117,49,78
1361951998.118,1361951998.118,7.35.47.41,69.171.35.216,53927,46349,6,0,0,1,64,49,57
1361951998.118,1361951998.118,74.240.0.162,41.43.223.164,443,10509,6,0,0,1,77,57,50
1361951998.118,1361951998.118,7.35.93.70,216.150.69.59,12035,53,17,0,0,1,76,50,57
1361951994.726,1361951994.726,7.35.157.44,84.57.149.218,18057,14807,17,0,0,1,131,50,57
1361951998.118,1361951998.118,174.168.120.87,41.43.208.218,1081,26621,6,32,0,1,58,57,50
1361951998.118,1361951998.118,7.35.1.12,83.180.182.126,51413,56138,17,0,0,1,300,49,78
1361951998.118,1361951998.118,198.133.255.115,152.130.254.120,1026,9876,17,0,0,1,220,76,0
1361951998.118,1361951998.118,79.11.73.143,7.35.250.10,62576,80,6,32,0,1,52,57,50
1361951998.118,1361951998.118,7.35.11.120,69.171.43.254,55968,46272,6,0,0,1,64,49,57
1361951998.118,1361951998.118,248.42.141.240,7.35.1.30,0,8,1,0,0,1,46,76,49
1361951998.118,1361951998.118,7.35.93.70,172.129.193.76,16326,53,17,0,0,1,77,50,78
1361951998.118,1361951998.118,7.35.157.47,205.221.198.71,15521,80,6,0,0,1,46,49,57
1361951998.118,1361951998.118,216.84.74.70,41.43.219.224,3128,55245,6,0,0,1,52,50,50
1361951998.118,1361951998.118,7.35.93.70,168.190.156.233,17661,53,17,0,0,1,75,49,57
1361951998.118,1361951998.118,216.150.69.59,7.35.93.70,53,12035,17,0,0,1,81,57,50
1361951998.117,1361951998.117,191.170.92.232,7.35.48.163,53,53450,17,0,0,1,620,78,49
1361951998.117,1361952000.933,7.35.1.13,248.113.116.158,0,8,1,0,0,1,46,50,76
1361951998.117,1361951998.117,184.252.58.47,7.35.28.148,80,64691,6,32,0,1,46,57,50
1361951998.117,1361951998.117,71.208.235.178,7.35.156.229,80,53288,6,32,0,1,252,57,50
1361951998.117,1361951998.117,41.43.204.44,208.108.48.228,31910,51585,17,0,0,1,49,50,57
1361951998.117,1361951998.117,7.35.93.113,68.174.82.78,9971,53,17,0,0,1,85,50,57
1361951998.117,1361951998.117,7.35.12.191,248.42.141.240,0,11,1,192,0,1,56,50,76
1361951998.117,1361951998.117,7.35.157.44,110.148.193.32,60812,6300,17,0,0,1,49,49,78
1361951998.117,1361951998.117,7.35.93.125,81.32.172.190,21966,53,17,0,0,1,75,50,57
1361951998.117,1361951998.117,168.190.156.233,7.35.93.70,53,17661,17,32,0,1,96,57,50
1361951998.117,1361951998.117,248.207.38.29,180.101.248.226,53,7570,17,0,0,1,116,49,78
1361951998.117,1361951998.117,7.35.156.231,184.175.212.101,45681,80,6,0,0,1,278,49,57
1361951998.117,1361951998.117,24.244.204.224,41.43.210.48,80,60373,6,0,0,1,46,78,50
1361951998.117,1361951998.117,248.207.38.29,181.201.7.240,53,44640,17,0,0,1,156,49,57
1361951998.117,1361951998.117,23.199.254.17,7.35.62.93,3283,55627,6,32,0,1,46,57,49
1361951998.117,1361951998.117,166.107.130.164,248.207.38.29,22297,53,17,32,0,1,82,57,49
1361951998.117,1361951998.117,24.244.207.211,41.43.210.48,80,60291,6,0,0,1,46,78,50
1361951998.117,1361951998.117,7.35.203.252,238.135.55.99,1266,40015,17,0,0,1,68,49,78
1361951998.116,1361951998.116,79.11.17.50,7.35.63.182,61565,3283,6,32,0,1,64,57,49
1361951998.116,1361951998.116,162.235.126.51,7.35.11.122,53,20599,17,0,0,1,137,78,49
1361951998.116,1361951998.116,24.244.207.242,41.43.210.48,80,60382,6,0,0,1,46,78,50
1361951998.116,1361951998.116,7.35.93.70,191.167.241.238,55889,53,17,0,0,1,68,49,76
1361951998.116,1361951998.116,71.23.197.223,7.35.48.174,39534,53,17,0,0,1,78,57,49
1361951998.116,1361951998.116,41.43.200.81,59.52.158.153,54139,443,6,0,0,1,52,49,78
1361951998.116,1361951998.116,69.170.2.210,7.35.156.252,46237,54768,6,32,0,1,87,57,49
1361951998.116,1361951998.116,216.84.74.70,41.43.219.224,3128,55247,6,0,0,1,52,50,50
1361951998.116,1361951998.116,72.40.30.56,7.35.168.22,80,3889,6,32,0,1,46,57,5
1361951998.116,1361951998.116,68.247.138.152,248.207.38.29,56338,53,17,0,0,1,82,57,50
1361951998.116,1361951998.116,248.207.38.29,81.55.13.125,53,53356,17,0,0,1,191,50,78
1361951998.116,1361951998.116,92.150.156.30,7.35.156.250,41295,8322,17,32,0,1,315,57,50
1361951998.116,1361951998.116,190.66.8.13,7.35.156.249,4070,6667,6,0,0,1,63,78,49
1361951998.116,1361951998.116,181.201.7.240,248.207.38.29,44640,53,17,32,0,1,69,57,50
1361951998.116,1361951998.116,24.244.207.211,41.43.210.48,80,60290,6,0,0,1,46,78,50
1361951998.116,1361951998.116,24.244.204.224,41.43.210.48,80,60374,6,0,0,1,46,78,50
1361951998.116,1361951998.116,24.244.204.227,41.43.196.31,80,41306,6,0,0,1,60,78,50
1361951998.116,1361951998.116,70.128.227.55,7.35.157.44,40020,15420,17,0,0,1,48,78,50
1361951998.116,1361951998.116,216.84.74.70,41.43.219.224,3128,55248,6,0,0,1,52,50,50
1361951998.116,1361951998.116,4.85.239.231,7.35.48.165,7492,7491,17,32,0,1,954,57,50
1361951998.116,1361951998.116,24.244.204.227,41.43.196.31,80,41308,6,0,0,1,60,78,50
1361951998.116,1361951998.116,127.71.34.128,7.35.93.113,53,58981,17,32,0,1,86,57,50
1361951998.116,1361951998.116,248.207.38.29,166.107.130.164,53,22297,17,0,0,1,82,50,57
1361951998.116,1361951998.116,7.35.61.220,23.101.110.71,28199,16710,17,0,0,1,50,49,57
1361951998.116,1361951998.116,248.164.141.129,7.35.1.12,0,11,1,0,0,1,168,76,49
1361951998.116,1361951998.116,24.244.207.242,41.43.210.48,80,60381,6,0,0,1,46,78,50
1361951998.116,1361951998.116,248.42.141.241,7.35.1.30,0,8,1,0,0,1,46,76,49
1361951998.116,1361951998.116,7.35.1.30,248.42.141.241,0,0,1,0,0,1,46,50,76
1361951997.604,1361951997.604,176.41.181.161,41.43.204.44,80,58330,6,32,0,1,46,57,50
1361951998.116,1361951998.116,241.155.156.131,152.130.254.120,1026,9876,17,0,0,1,174,76,0
1361951998.116,1361951998.116,24.244.207.242,41.43.210.48,80,60383,6,0,0,1,46,78,50
1361951997.604,1361951997.604,7.35.62.53,23.199.254.17,57459,3283,6,0,0,1,64,50,57
1361951998.116,1361951998.116,68.174.82.78,7.35.93.113,53,9971,17,32,0,1,214,57,50
1361951998.116,1361951998.116,24.244.207.242,41.43.210.48,80,60386,6,0,0,1,46,78,50
1361951998.116,1361951998.116,7.35.156.252,69.170.2.210,54768,46237,6,0,0,1,52,50,57
1361951998.115,1361951998.115,64.120.144.248,7.35.209.228,13238,445,6,32,0,1,46,57,49
1361951998.179,1361951998.179,41.43.219.150,160.64.200.200,59825,27017,17,0,0,1,112,50,78
1361951998.115,1361951998.115,248.207.38.29,68.247.138.152,53,56338,17,0,0,1,108,49,57
1361951998.179,1361951998.179,236.189.126.62,7.35.1.14,0,11,1,192,0,1,56,76,50
1361951998.115,1361951998.115,64.120.144.248,7.35.209.228,0,8,1,32,0,1,60,57,49
1361951998.179,1361951998.179,75.96.72.136,7.35.57.125,18992,18177,17,32,0,1,50,57,50
1361951998.115,1361951998.115,81.55.13.125,248.207.38.29,53356,53,17,32,0,1,51,57,49
1361951998.115,1361951998.115,248.207.38.29,67.105.137.55,53,18764,17,0,0,1,134,49,57
1361951998.179,1361951998.179,114.176.184.104,7.35.14.161,27698,389,6,32,0,1,46,57,5
1361951998.115,1361951998.115,41.43.194.115,194.72.64.178,8000,8880,17,0,0,1,75,49,57
1361951998.115,1361951998.115,41.43.195.84,4.174.225.80,45655,54070,17,0,0,1,54,49,78
1361951998.179,1361951998.179,110.78.4.33,41.43.208.2,80,49567,6,32,0,1,46,57,50
1361951997.603,1361951997.603,212.107.105.178,7.35.156.241,80,17549,6,32,0,1,46,57,50
1361951998.179,1361951998.179,110.78.4.33,41.43.208.2,80,49568,6,32,0,1,46,57,50
1361951998.179,1361951998.179,7.35.1.12,68.176.60.158,51413,60019,17,0,0,1,296,49,57
1361951998.115,1361951998.115,70.128.227.44,7.35.157.44,40025,15420,17,0,0,1,48,78,50
1361951998.115,1361951998.115,7.35.11.122,162.238.108.242,39494,53,17,0,0,1,66,49,78
1361951998.179,1361951998.179,7.35.157.252,4.236.115.53,0,8,1,0,0,1,56,50,78
1361951998.115,1361951998.115,7.35.93.113,179.143.20.34,21845,53,17,0,0,1,75,50,78
1361951998.115,1361951998.115,100.215.29.198,7.35.157.32,4898,46626,17,32,0,1,131,57,49
1361951998.115,1361951998.115,248.207.38.29,68.247.137.132,53,56550,17,0,0,1,269,50,57
1361951998.179,1361951998.179,189.242.135.194,72.39.49.244,80,51177,6,0,0,1,52,78,49
1361951998.115,1361951998.115,74.240.0.116,7.35.156.241,443,9307,6,0,0,1,46,57,49
1361951998.179,1361951998.179,248.207.38.29,102.92.244.62,53,32564,17,0,0,1,538,49,78
1361951998.179,1361951998.179,207.162.7.228,41.43.195.75,80,49603,6,32,0,1,46,57,50
1361951998.115,1361951998.115,233.62.25.139,248.207.38.29,14229,53,17,32,0,1,80,57,50
1361951998.179,1361951998.179,248.207.48.41,160.85.186.194,43963,53,17,0,0,1,113,49,78
1361951998.115,1361951998.115,24.202.189.43,41.43.204.30,5222,50267,6,0,0,1,177,78,50
1361951998.179,1361951998.179,41.43.196.213,203.70.248.170,55632,4277,17,0,0,1,151,50,78
1361951998.179,1361951998.179,203.199.47.131,7.35.156.169,25566,59250,6,32,0,1,64,57,50
1361951998.179,1361951998.179,87.43.182.216,7.35.156.228,29022,61348,6,32,0,1,46,57,49
1361951998.178,1361951998.178,167.34.56.49,248.207.38.29,4746,53,17,32,0,1,84,57,50
1361951998.178,1361951998.178,68.65.207.189,7.35.48.174,40049,53,17,32,0,1,90,57,50
1361951998.178,1361951998.178,171.75.4.189,41.43.210.230,13852,1536,17,32,0,1,129,57,50
1361951998.178,1361951998.178,7.35.250.0,176.239.115.81,443,53788,6,0,0,1,46,50,57
1361951998.178,1361951998.178,205.221.198.89,7.35.157.23,443,10939,6,0,0,1,93,57,50
1361951998.178,1361951998.178,7.35.93.113,3.76.145.9,28512,53,17,0,0,1,77,50,57
1361951998.178,1361951998.178,84.170.9.57,41.43.208.46,17832,12596,17,0,0,1,81,78,50
1361951998.178,1361951998.178,65.237.55.139,7.35.11.233,50125,143,6,32,0,1,46,57,50
1361951998.174,1361951998.174,80.92.78.130,7.35.159.150,51933,15512,6,32,0,1,46,57,50
1361951998.174,1361951998.174,4.53.238.197,41.43.208.46,19817,12596,17,32,0,1,391,57,50
1361951998.174,1361951998.174,207.162.7.228,41.43.195.75,80,49607,6,32,0,1,46,57,50
1361951998.174,1361951998.174,67.105.137.50,248.207.38.29,59640,53,17,32,0,1,82,57,49
1361951998.174,1361951998.174,7.35.156.234,173.4.98.80,44445,31843,17,0,0,1,100,49,78
1361951998.174,1361951998.174,235.49.177.92,248.207.38.29,60868,53,17,32,0,1,70,57,49
1361951997.598,1361951997.598,41.43.208.46,212.79.97.215,12596,13354,17,0,0,1,129,50,78
1361951998.174,1361951998.174,248.207.38.29,235.49.177.92,53,60868,17,0,0,1,122,49,57
1361951998.174,1361951998.174,7.35.232.96,205.221.198.91,55475,443,6,0,0,1,46,50,57
1361951998.174,1361951998.174,41.43.195.170,173.132.26.162,51664,80,6,0,0,1,52,50,78
1361951998.174,1361951998.174,86.107.92.221,41.43.208.254,27019,50827,6,0,0,1,46,78,50
1361951998.174,1361951998.174,207.162.7.228,41.43.195.75,80,49602,6,32,0,1,46,57,50
1361951998.174,1361951998.174,7.35.156.253,206.91.40.68,55376,80,6,0,0,1,52,50,57
1361951998.174,1361951998.174,7.35.156.253,206.91.40.68,4657,80,6,0,0,1,52,50,57
1361951998.174,1361951998.174,70.9.249.3,248.207.38.29,44289,53,17,32,0,1,60,57,50
1361951998.178,1361951998.178,41.43.208.46,206.74.4.127,12596,11616,17,0,0,1,129,50,57
1361951998.178,1361951998.178,106.216.57.38,7.35.71.91,0,8,1,32,0,1,46,57,50
1361951998.178,1361951998.178,7.35.48.174,189.44.156.189,53,39113,17,0,0,1,191,50,57
1361951998.178,1361951998.178,108.46.97.89,41.43.194.115,9000,9000,17,32,0,1,48,57,50
1361951998.178,1361951998.178,49.188.3.234,41.43.194.143,80,61590,6,32,0,1,46,57,50
1361951998.178,1361951998.178,23.199.254.17,7.35.62.43,3283,50573,6,32,0,1,46,57,49
1361951998.177,1361951998.177,115.59.172.118,7.35.156.242,54868,24669,6,32,0,1,48,57,50
1361951998.177,1361951998.177,7.35.1.30,248.82.229.207,0,0,1,0,0,1,46,49,76
1361951998.177,1361951998.177,102.92.244.44,248.207.38.29,6663,53,17,0,0,1,71,78,49
1361951998.177,1361951998.177,161.68.3.253,7.35.94.131,27260,30509,50,32,0,1,152,57,50
1361951998.177,1361951998.177,7.35.93.113,72.51.25.43,43369,53,17,0,0,1,77,49,78
1361951998.177,1361951998.177,206.91.40.72,7.35.156.253,80,24820,6,32,0,1,52,57,50
1361951997.601,1361951997.601,7.35.156.250,101.127.71.21,58352,80,6,0,0,1,46,49,57
1361951998.177,1361951998.177,90.53.136.98,41.43.218.109,48654,5251,17,32,0,1,51,57,50
1361951998.177,1361951998.177,7.35.1.12,72.25.169.181,0,0,1,0,0,1,46,50,76
1361951998.177,1361951998.177,70.129.197.74,41.43.221.84,443,59147,6,0,0,1,129,78,50
1361951998.177,1361951998.177,79.25.154.221,248.207.38.29,49191,53,17,32,0,1,71,57,50
1361951998.177,1361951998.177,7.35.93.125,182.202.65.227,39328,53,17,0,0,1,101,50,57
1361951998.177,1361951998.177,7.35.1.13,251.212.83.90,22,33270,6,0,0,1,84,49,76
1361951998.177,1361951998.177,238.135.212.153,7.35.156.163,40020,65333,17,32,0,1,48,57,49
1361951998.177,1361951998.177,41.43.195.170,173.132.26.162,51665,80,6,0,0,1,52,50,78
1361951998.177,1361951998.177,191.45.171.23,7.35.214.129,80,51513,6,32,0,1,52,57,49
1361951998.177,1361951998.177,206.91.40.69,7.35.156.253,80,52062,6,32,0,1,52,57,50
1361951998.177,1361951998.177,8.159.190.248,41.43.211.48,443,59935,6,32,0,1,178,57,50
1361951997.601,1361951997.601,41.43.198.144,59.52.163.64,54397,80,6,0,0,1,46,50,78
1361951998.177,1361951998.177,92.62.97.154,41.43.210.230,17098,1536,17,32,0,1,182,57,50
1361951998.177,1361951998.177,205.221.198.70,7.35.157.47,443,60276,6,0,0,1,52,57,49
1361951998.177,1361951998.177,103.193.0.104,7.35.156.231,4466,27027,17,32,0,1,46,57,50
1361951998.176,1361951998.176,7.35.93.113,160.85.186.194,17496,53,17,0,0,1,114,50,78
1361951998.176,1361951998.176,41.43.218.109,90.53.136.98,5251,48654,17,0,0,1,50,49,57
1361951998.176,1361951998.176,248.255.157.76,152.130.254.120,1025,9876,17,0,0,1,218,76,0
1361951998.176,1361951998.176,41.43.195.75,207.162.7.228,49603,80,6,0,0,1,46,50,78
1361951998.176,1361951998.176,248.207.38.29,71.187.0.126,53,53537,17,0,0,1,119,49,78
1361951998.176,1361951998.176,182.180.185.204,7.35.1.13,0,771,1,32,0,1,92,57,50
1361951998.176,1361951998.176,180.147.120.99,248.207.38.29,56881,53,17,32,0,1,67,57,50
1361951998.176,1361951998.176,7.35.156.253,206.91.40.72,11255,80,6,0,0,1,52,49,57
1361951998.176,1361951998.176,248.207.38.29,180.147.120.99,53,56881,17,0,0,1,158,49,57
1361951998.176,1361951998.176,160.85.186.194,248.207.48.41,53,43963,17,0,0,1,226,78,49
1361951998.176,1361951998.176,248.207.38.29,70.9.249.3,53,44289,17,0,0,1,128,49,57
1361951998.176,1361951998.176,216.175.180.128,7.35.156.241,443,55144,6,0,0,1,52,78,49
1361951998.176,1361951998.176,7.35.28.195,246.74.233.104,61551,443,6,0,0,1,130,49,76
1361951998.176,1361951998.176,41.43.208.254,72.158.220.107,53962,27017,17,0,0,1,112,50,57
1361951998.176,1361951998.176,41.43.212.81,184.175.214.175,62478,80,6,0,0,1,233,50,57
1361951998.176,1361951998.176,185.65.224.193,7.35.1.14,0,11,1,0,0,1,96,76,49
1361951998.176,1361951998.176,72.25.169.181,7.35.1.12,0,8,1,0,0,1,46,76,49
1361951998.176,1361951998.176,7.35.156.250,106.32.176.242,8322,10018,17,0,0,1,131,49,57
1361951998.176,1361951998.176,7.35.229.4,65.202.235.236,0,8,1,0,0,1,46,50,57
1361951998.176,1361951998.176,71.107.216.202,41.43.217.254,3176,35952,6,32,0,1,46,57,50
1361951998.176,1361951998.176,87.54.103.72,7.35.159.150,49851,15512,6,32,0,1,46,57,50
1361951998.176,1361951998.176,110.199.10.81,41.43.223.163,35348,20661,17,32,0,1,46,57,50
1361951998.176,1361951998.176,191.45.171.23,7.35.214.129,80,51508,6,32,0,1,52,57,49
1361951998.176,1361951998.176,77.41.76.119,7.35.1.12,18475,51413,17,32,0,1,126,57,50
1361951998.176,1361951998.176,191.45.171.23,7.35.214.129,80,51512,6,32,0,1,52,57,49
1361951998.176,1361951998.176,7.35.156.228,72.51.164.3,17471,80,6,0,0,1,46,50,78
1361951998.176,1361951998.176,181.97.119.11,248.207.38.29,37035,53,17,32,0,1,72,57,49
1361951998.176,1361951998.176,205.221.198.101,41.43.196.31,443,41322,6,0,0,1,60,57,50
1361951998.175,1361951998.175,206.91.40.72,7.35.156.253,80,11255,6,32,0,1,52,57,50
1361951998.175,1361951998.175,206.91.40.72,7.35.156.253,80,4561,6,32,0,1,52,57,50
1361951998.175,1361951998.175,89.29.101.149,7.35.159.150,57667,15512,6,32,0,1,46,57,49
1361951998.175,1361951998.175,115.36.246.247,7.35.157.45,35261,41738,6,32,0,1,87,57,50
1361951998.175,1361951998.175,41.43.220.9,70.128.53.119,3074,3074,17,0,0,1,60,49,78
1361951998.175,1361951998.175,41.43.195.75,181.155.236.37,49611,80,6,0,0,1,46,50,78
1361951998.175,1361951998.175,238.137.99.3,41.43.194.127,3544,61361,17,0,0,1,137,78,50
1361951998.175,1361951998.175,64.120.144.248,7.35.209.228,13239,445,6,32,0,1,46,57,49
1361951998.175,1361951998.175,7.35.217.134,211.196.79.55,25575,49001,17,0,0,1,324,49,78
1361951998.175,1361951998.175,74.240.7.150,7.35.157.41,993,52112,6,0,0,1,99,57,50
1361951998.175,1361951998.175,178.78.238.137,248.207.38.29,8800,53,17,32,0,1,69,57,50
1361951998.175,1361951998.175,7.35.93.113,160.81.219.209,14452,53,17,0,0,1,69,50,78
1361951998.175,1361951998.175,207.162.7.196,41.43.195.75,80,49609,6,32,0,1,46,57,50
1361951998.175,1361951998.175,41.43.210.230,92.62.97.154,1536,17098,17,0,0,1,96,50,78
1361951998.175,1361951998.175,180.139.124.171,248.207.38.29,41919,53,17,64,0,1,78,78,49
1361951998.175,1361951998.175,112.49.117.228,7.35.156.163,40005,65333,17,0,0,1,48,78,50
1361951998.175,1361951998.175,248.207.38.29,180.139.124.171,53,41919,17,0,0,1,130,50,78
1361951998.175,1361951998.175,41.43.204.232,70.128.53.119,3074,3074,17,0,0,1,60,49,78
1361951998.175,1361951998.175,248.207.38.29,181.97.119.11,53,37035,17,0,0,1,72,50,78
1361951998.239,1361951998.239,72.51.5.214,41.43.210.48,80,60274,6,0,0,1,46,78,50
1361951998.239,1361951998.239,7.35.62.53,23.199.254.17,57463,3283,6,0,0,1,64,49,57
1361951998.239,1361951998.239,72.51.5.214,41.43.210.48,80,60282,6,0,0,1,46,78,50
1361951998.239,1361951998.239,72.51.5.214,41.43.210.48,80,60280,6,0,0,1,46,78,50
1361951998.175,1361951998.175,7.35.156.160,74.240.0.88,4713,443,6,0,0,1,46,50,57
1361951998.239,1361951998.239,248.164.141.169,7.35.1.30,0,8,1,0,0,1,46,76,49
1361951998.239,1361951998.239,7.35.11.235,68.83.248.106,18016,53,17,0,0,1,82,50,57
1361951998.239,1361951998.239,125.234.157.148,7.35.156.224,36997,35786,6,32,0,1,87,57,49
1361951998.175,1361951998.175,162.106.160.167,7.35.156.226,80,63776,6,32,0,1,52,57,49
1361951998.239,1361951998.239,7.35.22.164,112.49.115.159,58178,80,6,0,0,1,54,49,78
1361951998.239,1361951998.239,74.240.0.88,7.35.156.160,443,4713,6,0,0,1,52,57,49
1361951998.239,1361951998.239,7.35.93.113,189.160.6.206,36120,53,17,0,0,1,71,50,78
1361951998.239,1361951998.239,84.70.116.196,7.35.157.45,52146,45423,6,32,0,1,48,57,49
1361951998.239,1361951998.239,167.68.114.205,248.207.38.29,58043,53,17,32,0,1,77,57,50
1361951998.235,1361951998.235,72.51.5.214,41.43.210.48,80,60287,6,0,0,1,46,78,50
1361951998.235,1361951998.235,72.51.5.214,41.43.210.48,80,60283,6,0,0,1,46,78,50
1361951998.234,1361951998.234,7.35.1.30,248.164.141.169,0,0,1,0,0,1,46,49,76
1361951998.234,1361951998.234,248.207.38.29,167.68.114.205,53,58043,17,0,0,1,718,49,78
1361951998.234,1361951998.234,166.39.68.177,7.35.157.44,40035,15420,17,32,0,1,48,57,50
1361951998.234,1361951998.234,68.156.135.80,248.207.38.29,26609,53,17,32,0,1,62,57,49
1361951998.234,1361951998.234,41.43.203.146,124.213.93.169,15413,26314,17,0,0,1,50,49,57
1361951998.234,1361951998.234,248.207.38.29,68.156.135.80,53,26609,17,0,0,1,128,49,78
1361951998.234,1361951998.234,74.240.9.239,41.43.195.167,443,50284,6,0,0,1,52,57,50
1361951998.234,1361951998.234,64.44.17.117,41.43.208.226,31486,30734,17,0,0,1,94,78,50
1361951998.234,1361951998.234,7.35.156.224,125.234.157.148,35786,36997,6,0,0,1,52,49,57
1361951998.234,1361951998.234,243.140.155.133,41.43.205.49,1232,44337,17,32,0,1,49,57,50
1361951998.234,1361951998.234,160.85.186.194,7.35.93.113,53,17496,17,0,0,1,227,78,50
1361951998.234,1361951998.234,248.207.48.40,79.25.189.163,53,55585,17,0,0,1,241,49,57
1361951998.234,1361951998.234,214.197.97.86,7.35.1.13,54803,51413,17,32,0,1,131,57,49
1361951998.234,1361951998.234,72.51.164.246,7.35.156.228,80,45393,6,0,0,1,46,78,49
1361951998.234,1361951998.234,24.244.207.195,7.35.157.45,80,26949,6,0,0,1,52,78,50
1361951998.238,1361951998.238,3.76.145.9,7.35.93.113,53,28512,17,32,0,1,66,57,50
1361951998.238,1361951998.238,46.40.76.2,41.43.208.46,35020,12596,17,32,0,1,349,57,50
1361951998.238,1361951998.238,7.35.217.19,66.107.153.175,58667,443,6,0,0,1,46,50,78
1361951998.238,1361951998.238,72.51.164.3,7.35.156.228,80,54778,6,0,0,1,46,78,49
1361951998.238,1361951998.238,72.51.164.3,7.35.156.228,80,17471,6,0,0,1,46,78,49
1361951998.238,1361951998.238,74.40.196.185,7.35.1.14,0,11,1,0,0,1,56,76,49
1361951998.238,1361951998.238,41.43.208.46,219.255.215.243,12596,44036,17,0,0,1,129,50,57
1361951998.238,1361951998.238,64.53.160.13,7.35.48.165,8523,7491,17,32,0,1,48,57,50
1361951998.238,1361951998.238,250.147.169.136,152.130.111.248,1029,9875,17,0,0,1,333,76,0
1361951998.238,1361951998.238,160.81.182.71,7.35.48.174,15418,53,17,0,0,1,89,76,49
1361951998.238,1361951998.238,98.31.204.131,41.43.225.196,42543,639,17,0,0,1,48,78,5
1361951998.238,1361951998.238,114.141.189.227,7.35.157.43,51950,34159,17,32,0,1,131,57,50
1361951998.238,1361951998.238,7.35.217.231,125.210.108.87,58578,17874,17,0,0,1,49,50,57
1361951998.237,1361951998.237,248.207.142.8,23.198.102.126,587,49788,6,0,0,1,52,50,57
1361951998.237,1361951998.237,41.43.208.46,95.240.251.9,12596,63906,17,0,0,1,129,49,78
1361951998.237,1361951998.237,7.35.157.43,65.204.70.219,58594,57256,6,0,0,1,48,50,57
1361951998.237,1361951998.237,178.4.180.5,7.35.96.124,80,57347,6,32,0,1,430,57,49
1361951998.237,1361951998.237,98.69.157.176,41.43.195.161,57934,3907,6,32,0,1,46,57,50
1361951998.237,1361951998.237,68.83.248.106,7.35.11.235,53,18016,17,32,0,1,387,57,50
1361951998.237,1361951998.237,190.66.8.33,41.43.221.1,443,51412,6,0,0,1,51,78,50
1361951998.237,1361951998.237,114.61.254.125,41.43.203.146,18421,15413,17,32,0,1,50,57,50
1361951998.237,1361951998.237,41.43.205.49,243.140.155.133,44337,1232,17,0,0,1,49,50,57
1361951998.237,1361951998.237,46.144.72.98,248.207.38.29,63512,53,17,32,0,1,53,57,50
1361951998.237,1361951998.237,251.203.217.218,152.130.111.248,49163,9875,17,0,0,1,377,76,0
1361951998.237,1361951998.237,248.207.38.29,67.105.137.38,53,10957,17,0,0,1,133,50,57
1361951998.237,1361951998.237,72.39.49.244,189.242.135.194,51177,80,6,0,0,1,52,50,78
1361951998.237,1361951998.237,187.213.210.44,7.35.48.174,34450,53,17,32,0,1,89,57,49
1361951998.237,1361951998.237,248.207.38.29,70.129.196.167,53,59737,17,0,0,1,143,49,78
1361951998.237,1361951998.237,70.129.196.167,248.207.38.29,59737,53,17,0,0,1,52,78,49
1361951998.237,1361951998.237,71.11.63.169,152.130.254.120,1025,9876,17,0,0,1,180,76,0
1361951998.237,1361951998.237,205.221.198.75,7.35.157.36,443,11749,6,0,0,1,52,57,49
1361951998.237,1361951998.237,41.43.208.46,81.94.115.96,12596,15597,17,0,0,1,129,49,78
1361951998.237,1361951998.237,6.54.66.55,248.207.38.29,44601,53,6,32,0,1,46,57,50
1361951998.237,1361951998.237,248.207.48.41,24.244.206.187,28146,53,17,0,0,1,74,50,78
1361951998.237,1361951998.237,7.35.95.145,72.134.26.37,25542,65344,17,0,0,1,50,50,78
1361951998.237,1361951998.237,102.186.40.195,7.35.2.32,52066,40633,17,32,0,1,50,57,49
1361951998.237,1361951998.237,112.49.117.229,7.35.157.44,40033,15420,17,0,0,1,48,78,50
1361951998.237,1361951998.237,111.194.64.7,7.35.156.249,42048,39479,17,32,0,1,99,57,50
1361951998.237,1361951998.237,205.221.198.79,7.35.157.39,80,45729,6,0,0,1,428,57,50
1361951998.237,1361951998.237,41.43.203.146,114.61.254.125,15413,18421,17,0,0,1,50,49,57
1361951998.237,1361951998.237,180.231.160.122,248.207.38.29,19851,53,17,64,0,1,78,78,50
1361951998.237,1361951998.237,248.140.77.100,7.35.1.13,0,11,1,0,0,1,56,76,49
1361951998.237,1361951998.237,7.35.1.30,124.206.135.54,51413,25156,17,0,0,1,300,50,57
1361951998.237,1361951998.237,72.51.25.43,7.35.93.113,53,43369,17,0,0,1,121,78,50
1361951998.237,1361951998.237,51.91.236.121,41.43.194.56,56688,7150,6,32,0,1,52,57,50
1361951998.237,1361951998.237,189.160.6.206,7.35.93.113,53,36120,17,0,0,1,143,78,50
1361951998.237,1361951998.237,7.35.2.32,102.186.40.195,40633,52066,17,0,0,1,50,50,57
1361951998.237,1361951998.237,216.84.74.70,41.43.208.252,3128,63556,6,0,0,1,46,50,50
1361951998.237,1361951998.237,24.244.206.187,248.207.48.41,53,28146,17,0,0,1,113,78,50
1361951998.237,1361951998.237,7.35.250.199,107.31.54.176,80,40369,6,0,0,1,52,50,78
1361951998.237,1361951998.237,124.206.135.54,7.35.1.30,25156,51413,17,32,0,1,126,57,50
1361951998.237,1361951998.237,69.171.46.150,7.35.250.0,50178,443,6,32,0,1,46,57,50
1361951998.236,1361951998.236,93.23.52.23,41.43.219.6,58387,18951,17,32,0,1,129,57,50
1361951998.236,1361951998.236,80.21.114.235,41.43.208.46,47876,12596,17,32,0,1,383,57,50
1361951998.236,1361951998.236,49.188.101.140,72.39.49.87,80,59882,6,32,0,1,46,57,50
1361951998.236,1361951998.236,41.43.195.192,67.30.104.244,63026,9520,17,0,0,1,46,49,78
1361951998.236,1361951998.236,23.199.254.17,7.35.62.53,3283,57463,6,32,0,1,46,57,50
1361951998.236,1361951998.236,99.66.71.62,41.43.208.46,6881,12596,17,32,0,1,322,57,50
1361951998.236,1361951998.236,41.43.195.192,115.45.42.180,63026,13229,17,0,0,1,46,49,57
1361951998.236,1361951998.236,41.43.195.192,115.198.80.37,63026,25753,17,0,0,1,46,49,57
1361951998.236,1361951998.236,248.207.38.29,166.79.33.193,53,19817,17,0,0,1,157,49,78
1361951998.236,1361951998.236,68.83.248.106,7.35.11.235,53,57511,17,32,0,1,140,57,50
1361951998.236,1361951998.236,7.35.93.70,191.167.241.238,53959,53,17,0,0,1,77,49,76
1361951998.236,1361951998.236,41.43.219.6,93.23.52.23,18951,58387,17,0,0,1,313,50,57
1361951998.236,1361951998.236,166.228.178.154,7.35.157.42,49001,57673,17,32,0,1,166,57,50
1361951998.236,1361951998.236,7.35.1.14,2.236.6.30,51413,29210,17,0,0,1,296,49,57
1361951998.236,1361951998.236,77.80.9.227,7.35.93.70,53,2712,17,32,0,1,358,57,50
1361951998.236,1361951998.236,185.107.226.175,41.43.195.64,5223,51449,6,32,0,1,46,57,50
1361951998.236,1361951998.236,216.84.74.71,199.72.221.137,60904,80,6,0,0,1,46,50,78
1361951998.236,1361951998.236,7.35.11.112,69.171.43.254,60624,46272,6,0,0,1,64,50,57
1361951998.236,1361951998.236,24.208.4.207,7.35.60.132,80,2885,6,32,0,1,48,57,50
1361951998.236,1361951998.236,101.127.67.78,248.207.38.29,39830,53,17,32,0,1,57,57,49
1361951998.236,1361951998.236,7.35.250.0,69.171.46.150,443,50178,6,0,0,1,46,50,57
1361951998.236,1361951998.236,7.35.93.70,216.150.69.59,18098,53,17,0,0,1,76,50,57
1361951998.236,1361951998.236,248.164.141.169,7.35.1.13,0,8,1,0,0,1,46,76,49
1361951998.300,1361951998.300,7.35.93.113,168.239.194.76,64307,53,17,0,0,1,71,50,57
1361951998.236,1361951998.236,7.35.64.56,50.160.165.92,0,8,1,0,0,1,60,49,57
1361951998.236,1361951998.236,15.201.13.26,41.43.219.87,5222,64057,6,32,0,1,52,57,50
1361951998.236,1361951998.236,74.240.234.215,248.207.5.241,52992,53,17,0,0,1,65,57,50
1361951998.236,1361951998.236,41.43.195.161,207.252.153.131,56010,50881,17,0,0,1,93,50,78
1361951998.300,1361951998.300,7.35.93.70,184.7.70.65,31916,53,17,0,0,1,74,49,78
1361951998.300,1361951998.300,7.35.217.231,125.157.23.176,57970,48232,6,0,0,1,52,50,78
1361951998.236,1361951998.236,181.96.197.42,7.35.229.4,0,11,1,32,0,1,56,57,50
1361951998.236,1361951998.236,174.233.234.116,7.35.156.248,2220,35004,17,32,0,1,46,57,50
1361951998.300,1361951998.300,7.35.157.23,205.221.198.123,52498,443,6,0,0,1,46,50,57
1361951998.300,1361951998.300,68.212.224.90,7.35.61.220,22426,28199,17,0,0,1,51,78,50
1361951998.236,1361951998.236,7.35.159.150,81.200.22.237,15512,64206,6,0,0,1,46,50,78
1361951998.236,1361951998.236,7.35.1.13,248.164.141.169,0,0,1,0,0,1,46,49,76
1361951998.300,1361951998.300,50.76.68.101,248.207.48.41,53,42660,17,0,0,1,117,78,50
1361951998.300,1361951998.300,7.35.93.113,160.108.76.147,27688,53,17,0,0,1,71,49,78
1361951998.300,1361951998.300,248.207.142.6,125.245.20.223,993,65030,6,0,0,1,142,50,57
1361951998.299,1361951998.299,168.35.73.235,7.35.93.113,53,9378,17,32,0,1,142,57,50
1361951998.299,1361951998.299,176.239.121.194,7.35.250.168,49791,443,6,32,0,1,46,57,50
1361951998.299,1361951998.299,70.13.141.49,7.35.1.12,0,11,1,192,0,1,56,76,50
1361951998.299,1361951998.299,168.239.194.76,7.35.93.113,53,64307,17,0,0,1,126,57,50
1361951998.299,1361951998.299,110.78.90.239,41.43.208.46,63838,12596,6,32,0,1,48,57,50
1361951998.299,1361951998.299,64.63.254.178,248.207.38.29,1205,53,17,32,0,1,89,57,49
1361951998.299,1361951998.299,92.251.153.240,7.35.2.108,0,0,41,32,0,1,72,57,50
1361951998.299,1361951998.299,206.74.4.127,41.43.208.46,11616,12596,17,32,0,1,535,57,50
1361951998.299,1361951998.299,81.32.172.190,7.35.93.125,53,21966,17,32,0,1,126,57,50
1361951998.299,1361951998.299,180.102.143.190,7.35.48.163,53,55299,17,32,0,1,130,57,50
1361951998.299,1361951998.299,7.35.93.125,81.32.172.190,8170,53,17,0,0,1,75,49,57
1361951998.299,1361951998.299,248.207.38.29,183.153.58.13,53,41337,17,0,0,1,318,49,78
1361951998.299,1361951998.299,66.239.112.178,7.35.93.70,53,21167,17,0,0,1,224,78,50
1361951998.299,1361951998.299,248.207.38.29,79.25.189.185,53,38445,17,0,0,1,120,49,57
1361951998.299,1361951998.299,248.207.38.29,64.63.254.178,53,1205,17,0,0,1,154,49,78
1361951998.299,1361951998.299,248.207.38.29,160.67.104.178,53,20864,17,0,0,1,73,50,57
1361951998.299,1361951998.299,7.35.93.113,191.169.61.145,59360,53,17,0,0,1,70,49,78
1361951998.299,1361951998.299,7.35.93.113,191.169.61.145,25293,53,17,0,0,1,70,49,78
1361951998.299,1361951998.299,7.35.48.174,160.81.182.239,53,33489,17,0,0,1,189,49,76
1361951998.299,1361951998.299,216.150.69.59,7.35.93.70,53,18098,17,0,0,1,81,57,50
1361951998.299,1361951998.299,24.206.237.238,41.43.194.146,1270,62283,17,32,0,1,151,57,50
1361951998.299,1361951998.299,191.201.241.67,7.35.1.14,0,11,1,0,0,1,56,76,50
1361951998.299,1361951998.299,69.34.221.140,248.207.48.41,53,27522,17,32,0,1,217,57,49
1361951998.299,1361951998.299,208.212.135.105,7.35.156.255,0,771,1,16,0,1,173,78,49
1361951998.299,1361951998.299,7.35.156.251,24.244.204.144,42502,443,6,0,0,1,52,50,78
1361951998.299,1361951998.299,41.43.205.53,115.146.74.208,45447,1083,17,0,0,1,49,50,57
1361951998.299,1361951998.299,79.25.189.185,248.207.38.29,38445,53,17,32,0,1,67,57,49
1361951998.299,1361951998.299,7.35.156.251,24.244.207.201,11022,443,6,0,0,1,52,49,78
1361951998.299,1361951998.299,7.35.11.144,67.124.193.140,26001,47315,17,0,0,1,49,49,78
1361951998.299,1361951998.299,242.52.5.46,7.35.1.30,80,39045,6,0,0,1,52,76,49
1361951998.299,1361951998.299,115.18.207.82,7.35.156.255,40770,48017,6,32,0,1,367,57,50
1361951998.299,1361951998.299,7.35.93.113,191.169.61.145,23091,53,17,0,0,1,70,49,78
1361951998.299,1361951998.299,24.244.204.144,7.35.156.251,443,55211,6,0,0,1,52,78,50
1361951998.299,1361951998.299,77.219.71.190,7.35.156.249,51393,39479,17,32,0,1,95,57,50
1361951998.299,1361951998.299,211.103.135.87,41.43.208.250,1644,34292,17,0,0,1,258,78,50
1361951998.299,1361951998.299,69.171.43.254,7.35.11.112,46272,60624,6,32,0,1,46,57,49
1361951998.298,1361951998.298,24.244.207.201,7.35.156.251,443,47890,6,0,0,1,52,78,49
1361951998.298,1361951998.298,41.43.221.37,74.41.132.94,8067,14335,17,0,0,1,152,49,57
1361951998.298,1361951998.298,41.43.208.46,46.9.60.33,12596,22330,17,0,0,1,129,49,78
1361951998.298,1361951998.298,7.35.93.70,191.158.255.193,54260,53,17,0,0,1,76,50,78
1361951998.298,1361951998.298,74.56.185.163,7.35.29.188,80,59809,6,32,0,1,46,57,50
1361951998.298,1361951998.298,41.43.194.146,24.206.237.238,62283,1270,17,0,0,1,131,49,57
1361951998.298,1361951998.298,191.81.5.180,7.35.84.138,123,123,17,16,0,1,76,76,49
1361951998.298,1361951998.298,7.35.93.113,127.72.89.179,38010,53,17,0,0,1,64,50,57
1361951998.298,1361951998.298,7.35.156.251,24.244.207.201,47890,443,6,0,0,1,52,49,78
1361951998.298,1361951998.298,7.35.156.251,216.175.186.12,8106,443,6,0,0,1,52,49,78
1361951998.298,1361951998.298,248.207.38.29,181.92.22.164,53,58678,17,0,0,1,254,49,57
1361951998.298,1361951998.298,248.207.142.6,65.53.25.98,993,50023,6,0,0,1,142,50,57
1361951998.298,1361951998.298,7.35.242.246,241.167.253.246,49301,27360,17,0,0,1,50,49,57
1361951998.298,1361951998.298,41.43.158.51,72.255.0.204,58119,20408,17,0,0,1,49,49,57
1361951998.298,1361951998.298,7.35.157.44,4.28.141.40,18057,51413,17,0,0,1,131,49,78
1361951998.298,1361951998.298,254.144.162.187,41.43.214.14,30438,3221,17,0,0,1,50,76,50
1361951998.298,1361951998.298,84.224.143.44,41.43.208.46,38521,12596,17,32,0,1,349,57,50
1361951998.298,1361951998.298,167.68.114.205,248.207.48.40,46956,53,17,32,0,1,75,57,50
1361951998.294,1361951998.294,7.35.1.13,78.77.229.171,51413,45935,17,0,0,1,313,50,57
1361951998.294,1361951998.294,7.35.128.90,179.43.45.65,443,43744,6,0,0,1,287,49,57
1361951998.294,1361951998.294,218.129.193.245,41.43.209.61,60605,34449,17,32,0,1,131,57,50
1361951998.294,1361951998.294,81.30.31.199,248.207.38.29,11627,53,17,32,0,1,74,57,49
1361951998.294,1361951998.294,7.35.93.70,191.167.241.238,35086,53,17,0,0,1,81,49,76
1361951998.298,1361951998.298,7.35.250.168,69.171.5.128,443,58075,6,0,0,1,46,50,57
1361951998.298,1361951998.298,7.35.93.113,104.110.9.138,6841,53,17,0,0,1,70,50,57
1361951998.298,1361951998.298,248.207.38.29,71.187.0.126,53,6903,17,0,0,1,124,49,78
1361951998.298,1361951998.298,7.35.93.70,191.167.241.238,12340,53,17,0,0,1,81,49,76
1361951998.298,1361951998.298,191.167.241.238,7.35.93.70,53,55889,17,0,0,1,792,76,50
1361951998.298,1361951998.298,72.39.49.249,122.159.226.139,47764,8000,17,0,0,1,75,49,78
1361951998.298,1361951998.298,41.43.208.46,52.108.246.67,12596,33161,17,0,0,1,129,49,78
1361951998.298,1361951998.298,50.35.138.64,7.35.237.70,443,1098,6,32,0,1,46,57,50
1361951998.298,1361951998.298,41.43.208.46,93.134.164.99,12596,35042,17,0,0,1,129,49,78
1361951998.298,1361951998.298,7.35.93.70,184.152.66.254,43662,53,17,0,0,1,77,50,57
1361951998.298,1361951998.298,72.255.0.204,41.43.158.51,20408,58119,17,32,0,1,49,57,49
1361951998.298,1361951998.298,244.206.10.161,41.43.195.114,4658,1513,17,0,0,1,46,76,50
1361951998.298,1361951998.298,7.35.48.174,163.109.37.254,53,38290,17,0,0,1,190,50,78
1361951998.298,1361951998.298,248.216.156.181,7.35.21.70,445,59502,6,0,0,1,46,57,50
1361951998.298,1361951998.298,59.131.24.171,7.35.156.160,18623,3789,6,32,0,1,47,57,50
1361951998.298,1361951998.298,7.35.21.70,248.216.156.181,59502,445,6,0,0,1,52,49,78
1361951998.298,1361951998.298,7.35.157.44,114.163.133.85,18057,18870,17,0,0,1,131,50,57
1361951998.297,1361951998.297,37.90.96.79,7.35.242.246,32859,49301,6,32,0,1,56,57,49
1361951998.297,1361951998.297,248.207.48.41,191.182.115.158,38775,53,17,0,0,1,71,49,78
1361951998.297,1361951998.297,66.233.18.200,41.43.215.169,3790,49799,17,32,0,1,228,57,50
1361951998.297,1361951998.297,248.207.38.29,81.30.31.199,53,11627,17,0,0,1,120,49,57
1361951998.361,1361951998.361,87.205.143.208,41.43.217.111,59052,23085,17,32,0,1,182,57,50
1361951998.297,1361951998.297,191.169.61.145,7.35.93.113,53,59360,17,0,0,1,623,78,50
1361951998.297,1361951998.297,216.175.186.12,7.35.156.251,443,8106,6,0,0,1,52,78,49
1361951998.297,1361951998.297,191.169.61.145,7.35.93.113,53,23091,17,0,0,1,623,78,50
1361951998.297,1361951998.297,7.35.93.113,104.110.9.138,56705,53,17,0,0,1,70,50,57
1361951998.297,1361951998.297,41.43.218.76,185.107.225.79,57950,5223,6,0,0,1,66,49,57
1361951998.297,1361951998.297,7.35.157.19,18.141.178.80,39830,443,6,0,0,1,67,49,78
1361951998.361,1361951998.361,41.43.202.7,160.64.200.206,57018,27017,17,0,0,1,112,50,78
1361951998.297,1361951998.297,41.43.223.251,70.128.53.119,3074,3074,17,0,0,1,60,50,78
1361951998.361,1361951998.361,41.43.209.61,218.129.193.245,34449,60605,17,0,0,1,315,49,78
1361951998.361,1361951998.361,7.35.48.174,64.63.254.178,53,33498,17,0,0,1,185,50,78
1361951998.297,1361951998.297,41.43.208.46,52.108.246.67,12596,35609,17,0,0,1,129,49,78
1361951998.361,1361951998.361,74.217.191.126,41.43.195.192,4573,63026,17,32,0,1,46,57,50
1361951998.361,1361951998.361,199.72.221.137,216.84.74.71,80,60904,6,32,0,1,46,57,49
1361951998.361,1361951998.361,185.107.225.79,41.43.218.76,5223,57950,6,32,0,1,46,57,50
1361951998.297,1361951998.297,41.43.196.61,181.108.30.247,62190,3333,17,0,0,1,46,49,57
1361951998.297,1361951998.297,248.207.48.41,191.182.115.158,30106,53,17,0,0,1,71,49,78
1361951998.361,1361951998.361,41.43.220.221,59.120.139.137,56572,443,6,0,0,1,52,49,78
1361951998.361,1361951998.361,7.35.93.70,191.164.196.83,17461,53,17,0,0,1,73,50,78
1361951998.361,1361951998.361,41.43.202.60,80.202.110.54,17676,59476,17,0,0,1,46,50,57
1361951998.361,1361951998.361,7.35.250.0,206.97.248.241,443,17993,6,0,0,1,46,50,57
1361951998.361,1361951998.361,41.43.202.60,87.219.200.190,17676,4672,17,0,0,1,46,49,78
1361951998.361,1361951998.361,248.207.142.6,74.221.173.91,993,38457,6,0,0,1,90,50,57
1361951998.361,1361951998.361,85.237.15.59,7.35.156.229,39994,54781,17,32,0,1,131,57,50
1361951998.361,1361951998.361,90.53.136.98,41.43.218.109,49784,5251,6,32,0,1,46,57,50
1361951998.361,1361951998.361,41.43.205.136,75.24.129.189,3074,3074,17,0,0,1,60,49,78
1361951998.361,1361951998.361,74.240.0.137,7.35.157.34,443,43834,6,0,0,1,93,57,49
1361951998.361,1361951998.361,7.35.22.164,70.129.197.45,58188,443,6,0,0,1,52,50,78
1361951998.361,1361951998.361,41.43.217.111,87.205.143.208,23085,59052,17,0,0,1,96,49,57
1361951998.361,1361951998.361,173.205.85.210,41.43.196.213,33340,55632,17,32,0,1,135,57,50
1361951998.361,1361951998.361,93.43.175.160,41.43.208.46,27483,12596,17,32,0,1,349,57,50
1361951998.361,1361951998.361,7.35.156.252,69.184.232.252,14640,15962,17,0,0,1,49,49,57
1361951998.361,1361951998.361,41.43.222.247,168.166.106.37,53052,5223,6,0,0,1,46,49,78
1361951998.361,1361951998.361,248.207.48.41,24.188.39.113,45285,53,17,0,0,1,82,49,78
1361951998.361,1361951998.361,7.35.156.252,177.173.198.241,14640,20199,17,0,0,1,51,50,78
1361951998.360,1361951998.360,115.45.42.180,41.43.195.192,13229,63026,17,32,0,1,46,57,50
1361951998.360,1361951998.360,88.229.84.11,7.35.1.13,37736,51413,17,32,0,1,129,57,50
1361951998.360,1361951998.360,206.152.42.147,7.35.156.227,80,3199,6,0,0,1,239,78,49
1361951998.360,1361951998.360,124.243.215.22,7.35.95.145,10958,25542,17,32,0,1,51,57,50
1361951998.360,1361951998.360,243.208.101.111,72.39.49.238,10013,63759,6,0,0,1,60,76,50
1361951998.360,1361951998.360,65.199.214.170,7.35.156.165,56259,39897,6,32,0,1,984,57,50
1361951998.360,1361951998.360,63.13.148.21,41.43.219.42,80,62738,6,0,0,1,340,78,50
1361951998.360,1361951998.360,69.171.5.128,7.35.250.168,58076,443,6,32,0,1,46,57,49
1361951998.360,1361951998.360,7.35.95.145,124.243.215.22,25542,10958,17,0,0,1,50,50,57
1361951998.360,1361951998.360,100.217.134.130,41.43.209.90,1119,57162,6,32,0,1,80,57,50
1361951998.360,1361951998.360,41.43.208.46,78.169.18.130,12596,18726,17,0,0,1,129,49,57
1361951998.360,1361951998.360,41.43.208.46,112.97.242.174,55024,10116,6,0,0,1,46,50,57
1361951998.360,1361951998.360,205.221.198.87,41.43.194.112,80,62784,6,0,0,1,52,57,50
1361951998.360,1361951998.360,24.188.39.113,248.207.48.41,53,45285,17,32,0,1,87,57,49
1361951998.360,1361951998.360,101.91.40.140,7.35.156.233,6333,47583,6,32,0,1,349,57,49
1361951998.360,1361951998.360,67.174.243.32,248.207.48.41,53,22222,17,0,0,1,393,78,50
1361951998.360,1361951998.360,205.221.198.73,7.35.156.248,80,44389,6,0,0,1,60,57,50
1361951998.360,1361951998.360,248.207.38.29,166.79.33.193,53,22854,17,0,0,1,157,49,78
1361951998.360,1361951998.360,7.35.102.14,12.19.219.1,61328,60028,6,0,0,1,46,50,57
1361951998.360,1361951998.360,172.129.147.126,41.43.195.102,80,54223,6,32,0,1,64,57,50
1361951998.360,1361951998.360,205.221.198.73,7.35.156.248,80,45243,6,0,0,1,60,57,50
1361951998.360,1361951998.360,41.43.205.167,51.224.24.157,16001,20772,17,0,0,1,296,49,78
1361951998.360,1361951998.360,205.221.198.73,7.35.156.248,80,6792,6,0,0,1,60,57,50
1361951998.360,1361951998.360,69.171.5.128,7.35.250.168,58075,443,6,32,0,1,46,57,49
1361951998.360,1361951998.360,191.164.196.83,7.35.93.70,53,17461,17,0,0,1,797,78,50
1361951998.360,1361951998.360,180.147.232.74,7.35.33.74,56295,443,6,0,0,1,48,57,50
1361951998.360,1361951998.360,104.138.103.61,7.35.217.134,21282,25575,17,32,0,1,126,57,50
1361951998.360,1361951998.360,41.43.220.237,218.216.192.205,50107,58137,6,0,0,1,556,49,57
1361951998.360,1361951998.360,24.244.204.224,41.43.194.112,80,62789,6,0,0,1,52,78,50
1361951998.360,1361951998.360,248.207.38.29,183.244.211.69,53,49411,17,0,0,1,109,50,57
1361951998.360,1361951998.360,24.244.204.224,41.43.194.112,80,62787,6,0,0,1,52,78,50
1361951998.360,1361951998.360,168.239.197.244,7.35.93.70,53,18325,17,0,0,1,123,57,50
1361951998.360,1361951998.360,24.244.204.224,41.43.194.112,80,62783,6,0,0,1,52,78,50
1361951998.360,1361951998.360,238.135.212.166,7.35.157.46,40001,33660,17,32,0,1,65,57,50
1361951998.360,1361951998.360,205.167.61.10,7.35.156.165,36750,53721,6,32,0,1,46,57,49
1361951998.360,1361951998.360,189.232.31.118,41.43.218.109,8161,80,6,32,0,1,46,57,50
1361951998.360,1361951998.360,46.68.14.5,248.207.38.29,62186,53,17,32,0,1,73,57,49
1361951998.360,1361951998.360,248.207.38.29,46.68.14.5,53,62186,17,0,0,1,1129,50,57
1361951998.359,1361951998.359,205.221.198.91,7.35.158.9,443,3509,6,0,0,1,97,57,49
1361951998.359,1361951998.359,24.244.204.224,41.43.194.112,80,62785,6,0,0,1,52,78,50
1361951998.359,1361951998.359,7.35.48.174,190.48.154.125,53,13947,17,0,0,1,189,50,57
1361951998.359,1361951998.359,7.35.48.174,167.250.3.200,53,51426,17,0,0,1,188,49,78
1361951998.359,1361951998.359,41.43.208.46,77.184.93.86,12596,10923,17,0,0,1,129,50,78
1361951998.359,1361951998.359,214.211.2.150,72.39.49.229,25416,48570,17,0,0,1,48,78,49
1361951998.359,1361951998.359,205.221.198.68,7.35.156.248,80,44667,6,0,0,1,60,57,49
1361951998.359,1361951998.359,7.35.93.70,206.7.53.67,49108,53,17,0,0,1,72,50,78
1361951998.359,1361951998.359,205.221.198.68,7.35.156.248,80,46055,6,0,0,1,60,57,49
1361951998.359,1361951998.359,127.72.89.179,7.35.93.113,53,38010,17,32,0,1,526,57,50
1361951998.359,1361951998.359,41.43.196.72,79.193.254.176,63932,33530,6,0,0,1,48,50,57
1361951997.591,1361951997.591,203.101.119.25,7.35.157.39,8339,43486,17,32,0,1,126,57,49
1361951998.359,1361951998.359,75.131.191.85,41.43.203.16,57093,64398,6,32,0,1,46,57,50
1361951998.359,1361951998.359,24.244.204.224,41.43.194.112,80,62780,6,0,0,1,52,78,50
1361951998.359,1361951998.359,114.168.160.91,7.35.191.140,22,80,6,32,0,1,46,57,5
1361951998.359,1361951998.359,160.78.113.215,7.35.64.56,0,0,1,32,0,1,60,57,49
1361951998.359,1361951998.359,169.10.223.245,7.35.217.21,33948,55621,17,32,0,1,71,57,50
1361951998.359,1361951998.359,7.35.71.52,23.199.254.17,51014,3283,6,0,0,1,64,50,57
1361951998.359,1361951998.359,7.35.213.1,160.68.123.126,57144,80,6,0,0,1,46,49,78
1361951998.359,1361951998.359,68.210.154.7,7.35.48.174,35774,53,17,0,0,1,88,78,50
1361951998.359,1361951998.359,24.244.206.26,7.35.93.113,53,28445,17,0,0,1,115,78,50
1361951998.359,1361951998.359,7.35.209.202,105.254.251.12,80,2939,6,0,0,1,46,50,78
1361951998.359,1361951998.359,75.24.129.189,41.43.205.136,3074,3074,17,32,0,1,68,57,50
1361951998.359,1361951998.359,74.145.81.179,41.43.218.230,56576,55437,6,0,0,1,46,78,50
1361951998.423,1361951998.423,7.35.157.44,70.128.227.35,15420,40034,17,0,0,1,49,49,78
1361951998.423,1361951998.423,229.175.30.213,7.35.86.152,65346,80,6,0,0,1,52,57,50
1361951998.423,1361951998.423,229.175.30.213,7.35.86.152,65348,80,6,0,0,1,52,57,50
1361951998.359,1361951998.359,205.221.198.68,7.35.156.248,80,58996,6,0,0,1,60,57,49
1361951998.359,1361951998.359,205.221.198.68,7.35.156.248,80,47921,6,0,0,1,60,57,49
1361951998.359,1361951998.359,181.158.1.76,248.207.38.29,22394,53,17,32,0,1,70,57,49
1361951998.423,1361951998.423,7.35.86.152,229.175.30.213,80,65349,6,0,0,1,46,49,78
1361951998.423,1361951998.423,7.35.86.152,229.175.30.213,80,65348,6,0,0,1,46,50,78
1361951998.359,1361951998.359,234.84.11.241,7.35.48.193,179,47526,6,32,0,1,79,57,49
1361951998.423,1361951998.423,7.35.203.183,168.239.199.138,51954,53,17,0,0,1,74,49,57
1361951998.423,1361951998.423,7.35.203.183,190.238.86.192,53540,53,17,0,0,1,76,50,78
1361951998.423,1361951998.423,248.207.48.41,160.85.186.194,62482,53,17,0,0,1,113,49,78
1361951998.418,1361951998.418,205.221.198.70,7.35.157.26,80,13374,6,0,0,1,52,57,49
1361951998.418,1361951998.418,95.134.73.71,41.43.220.82,20392,40084,17,32,0,1,131,57,50
1361951998.418,1361951998.418,7.35.203.183,190.238.86.192,51926,53,17,0,0,1,65,49,78
1361951998.418,1361951998.418,7.35.128.90,179.43.45.65,443,35879,6,0,0,1,287,49,57
1361951998.354,1361951998.354,103.52.7.192,7.35.1.30,2712,51413,17,32,0,1,129,57,49
1361951998.418,1361951998.418,205.221.198.72,7.35.156.230,443,33259,6,0,0,1,46,57,49
1361951998.354,1361951998.354,105.43.232.200,7.35.93.70,53,42056,17,32,0,1,347,57,50
1361951998.418,1361951998.418,69.184.232.252,7.35.156.252,15962,14640,17,32,0,1,49,57,50
1361951998.354,1361951998.354,59.99.70.60,7.35.157.41,48313,30831,17,32,0,1,58,57,49
1361951998.418,1361951998.418,41.43.218.230,113.172.201.249,57825,59091,6,0,0,1,46,50,57
1361951998.418,1361951998.418,51.28.101.210,7.35.48.174,27449,53,17,32,0,1,85,57,50
1361951998.354,1361951998.354,176.107.68.9,216.84.74.71,80,40845,6,0,0,1,46,78,49
1361951998.354,1361951998.354,111.159.11.68,41.43.208.46,44268,12596,17,32,0,1,349,57,50
1361951998.418,1361951998.418,161.201.14.135,7.35.93.113,53,59367,17,32,0,1,181,57,50
1361951998.418,1361951998.418,41.43.205.17,118.18.134.250,60351,17165,17,0,0,1,315,49,78
1361951998.418,1361951998.418,79.46.5.141,7.35.97.101,56351,35310,6,32,0,1,64,57,50
1361951998.418,1361951998.418,70.45.25.92,7.35.70.228,56274,54283,6,60,0,1,75,57,50
1361951998.418,1361951998.418,229.175.30.213,7.35.86.152,65347,80,6,0,0,1,52,57,50
1361951998.418,1361951998.418,182.202.65.227,7.35.93.125,53,39328,17,32,0,1,150,57,50
1361951994.770,1361951994.770,6.248.180.138,7.35.156.248,4466,35004,17,32,0,1,46,57,49
1361951998.418,1361951998.418,100.60.137.116,41.43.222.57,28982,25610,17,32,0,1,126,57,50
1361951994.770,1361951994.770,7.35.156.254,59.150.153.230,65415,34316,6,0,0,1,52,50,57
1361951998.418,1361951998.418,7.35.203.183,168.239.194.76,51317,53,17,0,0,1,74,49,57
1361951994.770,1361951994.770,224.110.55.1,152.130.254.120,1025,9876,17,0,0,1,223,76,0
1361951994.774,1361951994.774,205.221.140.10,7.35.87.122,5222,54502,6,0,0,1,46,57,50
1361951994.774,1361951994.774,77.105.15.53,7.35.1.12,17289,51413,17,32,0,1,126,57,49
1361951998.422,1361951998.422,161.68.3.253,7.35.55.10,58500,27576,50,32,0,1,152,57,50
1361951998.422,1361951998.422,7.35.156.239,66.107.150.31,65475,443,6,0,0,1,52,50,78
1361951994.774,1361951994.774,110.103.145.144,7.35.71.12,30167,80,6,32,0,1,46,57,50
1361951998.422,1361951998.422,78.157.212.152,7.35.229.24,42759,53,17,32,0,1,58,57,49
1361951994.774,1361951994.774,7.35.156.243,66.107.153.175,3759,443,6,0,0,1,52,50,78
1361951994.774,1361951994.774,238.137.214.46,7.35.156.244,40036,63205,17,0,0,1,913,76,49
1361951994.774,1361951994.774,112.49.115.155,41.43.219.214,40035,60887,17,0,0,1,470,78,50
1361951994.774,1361951994.774,98.146.66.202,7.35.156.228,5304,5625,6,32,0,1,46,57,50
1361951994.774,1361951994.774,7.35.157.43,24.244.207.240,21318,80,6,0,0,1,46,49,78
1361951994.774,1361951994.774,49.188.101.161,41.43.195.163,80,33012,6,32,0,1,309,57,50
1361951994.838,1361951994.838,41.43.212.172,110.14.63.230,64288,57304,6,0,0,1,56,50,78
1361951994.837,1361951994.837,238.135.55.78,7.35.157.34,40016,9267,6,0,0,1,52,78,49
1361951994.837,1361951994.837,41.43.218.230,24.244.204.67,55509,443,6,0,0,1,46,49,78
1361951994.837,1361951994.837,7.35.217.134,167.132.145.236,25575,10810,17,0,0,1,81,50,57
1361951994.837,1361951994.837,248.207.48.41,248.227.185.190,39118,53,17,0,0,1,81,49,76
1361951998.421,1361951998.421,205.221.198.74,7.35.156.230,443,55551,6,0,0,1,46,57,50
1361951998.421,1361951998.421,41.43.194.112,18.141.178.80,0,2563,1,0,0,1,68,50,78
1361951994.837,1361951994.837,41.43.218.230,24.244.204.139,55518,443,6,0,0,1,46,49,78
1361951994.837,1361951994.837,41.43.218.230,24.244.204.139,55515,443,6,0,0,1,46,49,78
1361951994.837,1361951994.837,166.79.33.193,248.207.38.29,36920,53,17,32,0,1,71,57,49
1361951994.837,1361951994.837,87.38.43.44,7.35.33.84,22900,443,6,32,0,1,46,57,50
1361951994.837,1361951994.837,223.103.115.189,7.35.1.12,15251,51413,17,32,0,1,134,57,50
1361951994.837,1361951994.837,7.35.33.84,87.38.43.44,443,22900,6,0,0,1,46,50,57
1361951994.837,1361951994.837,205.234.63.109,41.43.195.31,3478,6963,17,0,0,1,116,78,50
1361951994.837,1361951994.837,59.52.52.219,7.35.156.225,443,14971,6,0,0,1,46,78,50
1361951994.837,1361951994.837,41.43.218.230,216.175.186.12,55508,443,6,0,0,1,46,50,78
1361951994.837,1361951994.837,69.86.27.243,248.207.48.41,53,2331,17,32,0,1,132,57,49
1361951994.837,1361951994.837,41.43.197.33,66.87.97.33,55364,62180,6,0,0,1,52,50,57
1361951994.773,1361951994.773,41.43.195.31,205.234.63.109,6963,3478,17,0,0,1,56,50,78
1361951994.837,1361951994.837,176.144.223.76,72.39.49.238,42950,63734,6,0,0,1,59,57,50
1361951994.837,1361951994.837,24.244.204.139,41.43.218.230,443,55516,6,0,0,1,46,78,50
1361951994.773,1361951994.773,178.3.92.181,248.207.48.41,53,47382,17,32,0,1,138,57,50
1361951994.837,1361951994.837,24.244.204.139,41.43.218.230,443,55514,6,0,0,1,46,78,50
1361951994.837,1361951994.837,66.12.178.35,41.43.197.33,57075,55364,6,32,0,1,52,57,50
1361951994.837,1361951994.837,248.207.38.29,179.34.140.35,53,53892,17,0,0,1,73,49,57
1361951994.837,1361951994.837,24.244.204.139,41.43.218.230,443,55518,6,0,0,1,46,78,50
1361951994.837,1361951994.837,24.244.207.216,41.43.218.230,443,55512,6,0,0,1,46,78,50
1361951994.773,1361951994.773,248.207.142.6,206.239.30.155,993,4271,6,0,0,1,75,50,78
1361951994.837,1361951994.837,94.122.205.223,7.35.93.70,53,38692,17,32,0,1,241,57,50
1361951994.837,1361951994.837,7.35.157.29,160.81.101.18,41143,80,6,0,0,1,46,49,78
1361951994.837,1361951994.837,24.244.207.201,41.43.218.230,443,55529,6,0,0,1,46,78,50
1361951994.773,1361951994.773,248.117.255.125,248.207.48.41,53,7602,17,0,0,1,158,76,49
1361951998.421,1361951998.421,102.5.46.212,248.207.38.29,25122,53,17,32,0,1,72,57,50
1361951994.837,1361951994.837,7.35.157.29,160.81.101.18,26590,80,6,0,0,1,46,49,78
1361951994.837,1361951994.837,24.244.207.201,41.43.218.230,443,55531,6,0,0,1,46,78,50
1361951994.837,1361951994.837,67.15.192.52,41.43.197.33,54839,55364,6,32,0,1,52,57,50
1361951998.421,1361951998.421,191.158.255.193,7.35.93.125,53,63875,17,32,0,1,358,57,50
1361951994.837,1361951994.837,88.23.216.128,41.43.208.46,6890,12596,17,32,0,1,332,57,50
1361951994.837,1361951994.837,7.35.157.29,160.81.103.44,37213,80,6,0,0,1,46,50,78
1361951994.773,1361951994.773,248.207.48.41,69.86.27.243,2331,53,17,0,0,1,75,50,57
1361951994.773,1361951994.773,238.135.55.96,7.35.156.244,40036,63205,17,0,0,1,48,78,49
1361951994.837,1361951994.837,7.35.157.29,160.81.103.44,54725,80,6,0,0,1,46,50,78
1361951994.772,1361951994.772,216.84.74.71,41.43.218.146,3128,64911,6,0,0,1,46,50,50
1361951994.772,1361951994.772,176.17.242.188,41.43.215.7,30381,35288,6,32,0,1,46,57,50
1361951994.836,1361951994.836,7.35.157.34,205.221.140.10,32010,5222,6,0,0,1,46,50,57
1361951994.836,1361951994.836,248.207.48.41,127.80.158.104,35410,53,17,0,0,1,97,50,57
1361951994.772,1361951994.772,88.133.218.201,41.43.210.230,6881,1536,17,32,0,1,257,57,50
1361951994.836,1361951994.836,41.43.210.230,88.133.218.201,1536,6881,17,0,0,1,96,50,57
1361951998.420,1361951998.420,102.5.46.212,248.207.38.29,9744,53,17,32,0,1,72,57,50
1361951998.420,1361951998.420,248.207.48.41,160.85.186.194,39142,53,17,0,0,1,111,49,78
1361951994.836,1361951994.836,41.43.208.46,112.222.32.52,12596,24156,17,0,0,1,129,50,78
1361951994.836,1361951994.836,7.35.11.235,185.143.227.196,32657,53,17,0,0,1,78,49,57
1361951994.836,1361951994.836,125.242.174.23,7.35.157.46,48916,46417,17,32,0,1,49,57,50
1361951994.772,1361951994.772,64.227.190.143,7.35.157.46,43361,46417,17,32,0,1,50,57,50
1361951994.836,1361951994.836,102.123.183.32,7.35.1.30,56630,51413,17,0,0,1,126,78,50
1361951994.836,1361951994.836,185.143.227.196,7.35.11.235,53,32657,17,0,0,1,212,57,49
1361951994.836,1361951994.836,7.35.156.244,238.137.214.0,63205,40010,17,0,0,1,174,49,78
1361951994.836,1361951994.836,41.43.218.230,89.216.151.14,55360,57130,6,0,0,1,46,49,57
1361951994.836,1361951994.836,7.35.156.244,238.137.214.46,63205,40030,17,0,0,1,174,49,78
1361951998.420,1361951998.420,37.104.129.84,41.43.194.49,4365,32789,17,32,0,1,92,57,50
1361951994.836,1361951994.836,7.35.11.235,239.165.165.166,31780,53,17,0,0,1,90,49,78
1361951994.836,1361951994.836,229.0.124.117,41.43.215.7,50654,35288,6,0,0,1,46,76,50
1361951998.420,1361951998.420,7.35.157.26,205.221.198.70,13374,80,6,0,0,1,46,49,57
1361951998.420,1361951998.420,248.207.38.29,102.5.46.212,53,1765,17,0,0,1,136,49,57
1361951994.836,1361951994.836,41.43.218.230,24.244.204.139,55516,443,6,0,0,1,46,49,78
1361951994.836,1361951994.836,248.91.129.199,152.130.254.120,1026,9876,17,0,0,1,217,76,0
1361951994.836,1361951994.836,41.43.218.230,24.244.207.216,55511,443,6,0,0,1,46,49,78
1361951994.836,1361951994.836,168.239.193.179,7.35.93.70,53,26642,17,0,0,1,90,57,50
1361951994.836,1361951994.836,41.43.205.17,99.216.67.232,60351,19202,17,0,0,1,58,49,78
1361951994.836,1361951994.836,41.43.218.230,24.244.207.201,55530,443,6,0,0,1,46,50,78
1361951994.836,1361951994.836,7.35.93.70,168.239.194.76,34358,53,17,0,0,1,74,50,57
1361951994.836,1361951994.836,24.244.207.240,7.35.157.43,80,21318,6,0,0,1,52,78,49
1361951998.420,1361951998.420,102.5.46.212,248.207.38.29,15433,53,17,32,0,1,72,57,50
1361951994.836,1361951994.836,238.135.130.130,7.35.156.244,40043,63205,17,0,0,1,488,78,49
1361951994.836,1361951994.836,196.58.27.116,41.43.215.7,41323,35288,6,0,0,1,46,76,50
1361951994.836,1361951994.836,41.43.218.230,24.244.207.201,55529,443,6,0,0,1,46,50,78
1361951994.836,1361951994.836,41.43.218.230,24.244.207.201,55527,443,6,0,0,1,46,50,78
1361951994.836,1361951994.836,105.209.33.87,248.207.48.41,53,30601,17,0,0,1,127,78,49
1361951994.836,1361951994.836,94.122.207.66,7.35.93.70,53,32794,17,32,0,1,241,57,50
1361951998.420,1361951998.420,248.207.38.29,102.5.46.212,53,15433,17,0,0,1,136,49,57
1361951994.836,1361951994.836,68.83.248.106,248.207.48.41,53,42633,17,32,0,1,158,57,50
1361951998.419,1361951998.419,65.42.232.89,41.43.203.146,30210,15413,17,32,0,1,50,57,50
1361951994.835,1361951994.835,24.244.204.139,41.43.218.230,443,55515,6,0,0,1,46,78,50
1361951994.835,1361951994.835,24.244.207.216,41.43.218.230,443,55513,6,0,0,1,46,78,50
1361951994.835,1361951994.835,7.35.93.70,94.122.207.66,12127,53,17,0,0,1,77,50,78
1361951994.835,1361951994.835,122.159.226.139,7.35.156.254,8000,36694,17,0,0,1,75,78,49
1361951994.835,1361951994.835,81.2.183.151,248.207.38.29,55941,53,17,32,0,1,71,57,49
1361951994.835,1361951994.835,24.244.207.201,41.43.218.230,443,55530,6,0,0,1,46,78,50
1361951994.835,1361951994.835,248.207.38.29,81.2.183.151,53,55941,17,0,0,1,141,49,57
1361951994.835,1361951994.835,7.35.1.30,208.20.172.92,51413,13125,17,0,0,1,300,49,57
1361951994.835,1361951994.835,7.35.157.29,160.81.101.18,34964,80,6,0,0,1,46,49,78
1361951994.835,1361951994.835,24.217.159.0,41.43.217.42,80,50626,6,0,0,1,445,78,50
1361951994.835,1361951994.835,163.109.37.254,7.35.48.174,41962,53,17,32,0,1,91,57,49
1361951994.835,1361951994.835,7.35.157.47,101.166.135.231,13484,8000,17,0,0,1,97,50,57
1361951994.835,1361951994.835,7.35.48.174,163.109.37.254,53,41962,17,0,0,1,190,50,78
1361951994.835,1361951994.835,94.122.207.66,7.35.93.70,53,31421,17,32,0,1,241,57,50
1361951994.835,1361951994.835,248.207.48.41,160.78.61.4,22288,53,17,0,0,1,66,49,57
1361951998.419,1361951998.419,161.146.142.83,7.35.156.252,12403,14640,17,32,0,1,50,57,50
1361951994.835,1361951994.835,248.207.38.29,46.232.201.243,53,4786,17,0,0,1,119,50,78
1361951994.835,1361951994.835,41.43.219.214,238.137.214.1,60887,40020,17,0,0,1,160,49,78
1361951994.835,1361951994.835,248.207.38.29,74.252.89.132,53,33560,17,0,0,1,113,49,78
1361951994.835,1361951994.835,183.208.153.19,248.207.38.29,18073,53,17,32,0,1,79,57,50
1361951998.419,1361951998.419,7.35.95.157,72.43.122.10,52022,443,6,0,0,1,46,49,57
1361951994.835,1361951994.835,168.239.194.76,7.35.93.70,53,34358,17,0,0,1,131,57,50
1361951998.419,1361951998.419,205.221.198.68,7.35.156.248,80,9975,6,0,0,1,60,57,49
1361951994.835,1361951994.835,41.43.209.227,125.252.76.246,55568,33736,17,0,0,1,50,50,57
1361951994.835,1361951994.835,68.247.138.206,248.207.48.40,36034,53,17,0,0,1,64,57,50
1361951994.835,1361951994.835,41.43.194.18,23.84.121.206,13537,39229,17,0,0,1,131,50,78
1361951994.835,1361951994.835,248.207.48.40,68.247.138.206,53,36034,17,0,0,1,331,49,57
1361951998.419,1361951998.419,74.208.227.251,41.43.205.53,63486,45447,17,32,0,1,51,57,50
1361951994.835,1361951994.835,76.71.9.162,41.43.208.46,35290,12596,17,32,0,1,349,57,50
1361951994.835,1361951994.835,216.84.74.71,191.45.171.141,50147,80,6,0,0,1,52,50,57
1361951994.835,1361951994.835,7.35.93.125,216.244.179.192,25324,53,17,0,0,1,78,49,78
1361951998.419,1361951998.419,7.35.93.113,127.80.158.107,4552,53,17,0,0,1,97,49,57
1361951994.835,1361951994.835,7.35.1.30,163.42.49.23,51413,11785,17,0,0,1,86,49,78
1361951994.835,1361951994.835,7.35.128.146,197.215.188.69,64640,443,6,0,0,1,46,50,78
1361951998.419,1361951998.419,205.221.198.68,7.35.156.248,80,41773,6,0,0,1,60,57,49
1361951994.835,1361951994.835,248.207.38.29,181.141.235.166,53,61548,17,0,0,1,124,49,78
1361951998.419,1361951998.419,250.32.37.228,7.35.1.12,0,0,1,0,0,1,46,76,49
1361951998.419,1361951998.419,41.43.210.230,48.141.201.92,1536,11662,17,0,0,1,100,49,78
1361951994.835,1361951994.835,41.43.205.17,108.207.13.176,60351,55086,17,0,0,1,58,49,78
1361951994.835,1361951994.835,41.43.205.17,111.200.185.75,60351,61494,17,0,0,1,58,49,57
1361951994.834,1361951994.834,212.25.98.66,41.43.217.111,53409,23085,17,32,0,1,131,57,50
1361951994.834,1361951994.834,7.35.93.70,178.4.184.245,46832,53,17,0,0,1,76,49,57
1361951994.834,1361951994.834,7.35.1.30,109.56.165.75,0,771,1,192,0,1,121,50,57
1361951994.834,1361951994.834,51.129.61.177,7.35.48.174,20487,53,17,32,0,1,77,57,50
1361951994.830,1361951994.830,181.97.119.5,248.207.38.29,52613,53,17,32,0,1,64,57,50
1361951994.830,1361951994.830,7.35.95.134,184.180.29.1,51616,443,6,0,0,1,46,49,57
1361951994.830,1361951994.830,216.175.186.12,41.43.218.230,443,55507,6,0,0,1,46,78,50
1361951994.830,1361951994.830,72.17.7.157,248.207.38.29,8676,53,17,0,0,1,72,57,49
1361951998.414,1361951998.414,41.43.208.46,66.9.163.17,12596,15460,17,0,0,1,129,50,57
1361951994.830,1361951994.830,7.35.250.0,205.163.191.185,443,60976,6,0,0,1,52,50,57
1361951994.830,1361951994.830,176.107.74.71,248.207.48.41,53,15145,17,0,0,1,203,78,50
1361951998.414,1361951998.414,191.93.146.211,41.43.220.82,17451,40084,17,32,0,1,96,57,50
1361951994.830,1361951994.830,206.45.143.13,41.43.215.7,10443,2772,6,0,0,1,52,78,50
1361951994.894,1361951994.894,74.252.89.132,248.207.38.29,34062,53,17,32,0,1,65,57,49
1361951994.830,1361951994.830,168.91.60.254,7.35.156.251,443,41484,6,64,0,1,46,78,50
1361951998.414,1361951998.414,66.107.139.175,216.84.74.70,80,51488,6,0,0,1,52,78,50
1361951998.414,1361951998.414,205.221.198.69,7.35.156.251,80,47477,6,0,0,1,52,57,50
1361951994.830,1361951994.830,223.222.0.140,41.43.208.46,9090,12596,17,32,0,1,343,57,50
1361951998.414,1361951998.414,41.43.222.57,169.135.45.207,25610,63186,17,0,0,1,345,50,78
1361951994.830,1361951994.830,7.35.250.0,23.197.158.51,443,54563,6,0,0,1,52,50,57
1361951994.894,1361951994.894,248.207.38.29,167.144.91.177,53,38529,17,0,0,1,292,49,78
1361951994.894,1361951994.894,88.55.209.6,41.43.208.226,12369,30734,17,32,0,1,99,57,50
1361951998.418,1361951998.418,41.43.221.192,65.139.197.238,38117,62702,17,0,0,1,49,50,57
1361951994.898,1361951994.898,41.43.194.112,71.156.24.65,43801,40025,17,0,0,1,160,50,78
1361951994.898,1361951994.898,41.43.208.46,76.239.157.215,12596,58585,17,0,0,1,129,50,78
1361951994.834,1361951994.834,46.232.201.243,248.207.38.29,4786,53,17,32,0,1,70,57,50
1361951998.418,1361951998.418,30.135.111.252,7.35.93.113,53,23559,17,32,0,1,126,57,50
1361951994.898,1361951994.898,7.35.156.253,206.45.206.15,40031,27541,6,0,0,1,46,50,78
1361951994.898,1361951994.898,100.233.251.246,7.35.156.231,8000,33923,17,32,0,1,72,57,50
1361951998.418,1361951998.418,126.220.232.254,41.43.194.9,51589,55639,6,0,0,1,59,78,50
1361951994.834,1361951994.834,41.43.209.227,23.29.204.59,55568,37855,17,0,0,1,51,50,78
1361951998.418,1361951998.418,248.207.48.41,248.117.255.125,6759,53,17,0,0,1,78,50,76
1361951994.834,1361951994.834,218.89.106.244,7.35.156.252,14871,29151,6,0,0,1,79,78,50
1361951994.898,1361951994.898,66.109.214.195,7.35.93.70,53,48031,17,0,0,1,104,78,50
1361951998.418,1361951998.418,30.135.111.252,7.35.93.113,53,4055,17,32,0,1,126,57,50
1361951994.898,1361951994.898,7.35.69.49,8.137.246.79,55848,53,17,0,0,1,77,49,57
1361951994.833,1361951994.833,167.9.186.110,41.43.208.46,27608,12596,17,32,0,1,367,57,50
1361951994.833,1361951994.833,72.39.49.238,176.144.223.76,63734,42950,6,0,0,1,52,50,57
1361951998.417,1361951998.417,35.16.124.167,7.35.156.165,21906,4502,6,0,0,1,883,76,49
1361951994.833,1361951994.833,160.81.5.244,248.207.38.29,63875,53,17,32,0,1,60,57,50
1361951994.897,1361951994.897,80.12.51.134,7.35.9.131,47692,54355,17,0,0,1,51,78,49
1361951998.417,1361951998.417,7.35.229.24,78.157.212.152,53,42759,17,0,0,1,58,49,57
1361951998.417,1361951998.417,248.207.38.29,102.5.46.212,53,25122,17,0,0,1,136,49,57
1361951994.897,1361951994.897,7.35.156.253,68.138.155.104,59054,80,6,0,0,1,46,50,78
1361951994.833,1361951994.833,7.35.93.70,94.122.207.66,43082,53,17,0,0,1,77,50,78
1361951994.897,1361951994.897,7.35.1.14,53.113.15.153,51413,6881,17,0,0,1,294,50,78
1361951998.417,1361951998.417,41.43.203.146,65.42.232.89,15413,30210,17,0,0,1,50,50,78
1361951994.833,1361951994.833,75.41.207.155,41.43.208.46,51413,12596,17,32,0,1,317,57,50
1361951998.417,1361951998.417,7.35.93.125,46.127.39.177,25322,53,17,0,0,1,69,50,78
1361951998.417,1361951998.417,41.43.208.46,205.58.158.120,12596,42175,17,0,0,1,129,50,57
1361951994.897,1361951994.897,248.207.142.6,198.108.82.122,993,52043,6,0,0,1,158,50,57
1361951994.897,1361951994.897,250.147.169.134,152.130.111.248,1029,9875,17,0,0,1,327,76,0
1361951994.833,1361951994.833,7.35.11.112,69.171.43.254,60610,46272,6,0,0,1,64,50,57
1361951994.833,1361951994.833,90.159.171.196,248.207.38.29,8889,53,17,32,0,1,106,57,49
1361951994.897,1361951994.897,24.244.207.210,7.35.156.253,80,14507,6,0,0,1,52,78,49
1361951994.833,1361951994.833,248.207.38.29,90.159.171.196,53,8889,17,0,0,1,170,49,57
1361951994.897,1361951994.897,100.82.193.204,7.35.156.251,12037,43419,6,32,0,1,113,57,49
1361951994.833,1361951994.833,94.110.233.165,41.43.208.46,56381,12596,17,40,0,1,100,57,50
1361951994.897,1361951994.897,74.200.241.21,7.35.157.44,36097,6881,17,32,0,1,93,57,49
1361951994.897,1361951994.897,7.35.97.131,72.39.56.197,123,123,17,0,0,1,76,50,57
1361951994.897,1361951994.897,216.84.74.70,74.241.67.133,49634,80,6,0,0,1,46,50,78
1361951994.833,1361951994.833,7.35.1.30,249.21.219.141,49302,3919,17,0,0,1,47,50,76
1361951994.897,1361951994.897,69.171.43.254,7.35.11.112,46272,60610,6,32,0,1,46,57,49
1361951994.833,1361951994.833,248.207.142.6,69.178.237.226,993,52540,6,0,0,1,142,50,57
1361951998.417,1361951998.417,41.43.219.27,72.158.220.127,52267,27018,17,0,0,1,112,49,57
1361951994.833,1361951994.833,68.138.125.177,7.35.156.227,80,1055,6,0,0,1,46,78,50
1361951994.897,1361951994.897,59.54.169.142,216.84.74.70,80,50367,6,0,0,1,709,78,49
1361951994.897,1361951994.897,24.244.207.224,7.35.29.188,80,59834,6,0,0,1,361,78,50
1361951994.897,1361951994.897,203.105.136.188,7.35.156.231,1132,33923,17,32,0,1,93,57,50
1361951994.833,1361951994.833,124.233.227.54,41.43.197.33,58768,55364,6,32,0,1,52,57,50
1361951994.897,1361951994.897,101.62.49.149,248.207.38.29,29603,53,17,32,0,1,77,57,50
1361951994.897,1361951994.897,101.127.98.3,7.35.156.253,80,28565,6,32,0,1,52,57,49
1361951994.897,1361951994.897,248.207.38.29,101.62.49.149,53,29603,17,0,0,1,129,50,78
1361951994.897,1361951994.897,41.43.214.7,70.128.53.135,35873,443,6,0,0,1,46,50,78
1361951994.896,1361951994.896,248.227.185.190,248.207.48.41,53,39118,17,0,0,1,1443,76,49
1361951994.896,1361951994.896,176.188.33.151,41.43.215.7,18866,3552,6,0,0,1,52,78,50
1361951998.416,1361951998.416,248.207.38.29,102.5.46.212,53,9744,17,0,0,1,136,49,57
1361951994.896,1361951994.896,248.207.38.29,200.129.195.97,53,53845,17,0,0,1,135,49,78
1361951994.896,1361951994.896,41.43.194.112,65.236.170.162,43801,60581,17,0,0,1,133,49,57
1361951994.896,1361951994.896,67.107.71.189,7.35.48.174,37896,53,17,32,0,1,88,57,49
1361951998.416,1361951998.416,7.35.209.37,170.45.135.227,0,0,1,0,0,1,46,50,78
1361951994.896,1361951994.896,41.43.194.112,112.49.115.149,43801,40037,17,0,0,1,61,50,78
1361951994.896,1361951994.896,41.43.194.112,238.135.55.89,43801,40010,17,0,0,1,62,50,78
1361951994.896,1361951994.896,71.156.24.98,41.43.194.112,40008,43801,17,0,0,1,49,78,50
1361951994.896,1361951994.896,41.43.194.112,112.49.115.154,43801,40032,17,0,0,1,62,49,78
1361951994.896,1361951994.896,41.43.208.46,211.127.72.32,12596,12346,17,0,0,1,129,49,57
1361951994.896,1361951994.896,46.92.250.19,41.43.205.167,53140,16001,17,0,0,1,131,78,50
1361951994.896,1361951994.896,7.35.62.53,23.199.254.17,57451,3283,6,0,0,1,64,50,57
1361951994.896,1361951994.896,162.106.160.167,7.35.156.226,80,32217,6,32,0,1,52,57,49
1361951994.896,1361951994.896,115.186.196.159,248.207.48.40,62338,53,17,32,0,1,57,57,50
1361951994.896,1361951994.896,23.199.246.43,7.35.209.222,53763,443,6,32,0,1,48,57,50
